user_id,product_id,action,timestamp
U001,P039,add_to_cart,2026-04-06 08:25:26
U001,P097,view,2026-03-31 18:43:45
U001,P097,purchase,2026-04-16 01:53:59
U001,P039,rate,2026-04-15 07:37:02
U001,P024,add_to_cart,2026-04-07 11:32:04
U001,P007,view,2026-04-02 14:34:01
U001,P084,add_to_wishlist,2026-04-14 06:43:32
U001,P042,view,2026-04-10 23:57:05
U001,P050,view,2026-04-07 18:04:27
U001,P080,rate,2026-04-09 05:10:46
U001,P081,share,2026-04-18 07:46:44
U002,P022,rate,2026-04-19 14:08:02
U002,P033,view,2026-04-10 11:52:18
U002,P007,add_to_cart,2026-04-08 00:40:28
U002,P004,click,2026-04-02 22:45:31
U002,P011,review,2026-04-19 16:41:08
U002,P094,rate,2026-04-16 15:17:56
U002,P031,view,2026-04-05 00:05:34
U002,P065,add_to_wishlist,2026-04-12 23:01:17
U002,P066,view,2026-04-16 15:01:30
U002,P012,view,2026-04-01 05:14:48
U002,P013,click,2026-04-09 09:27:54
U002,P056,add_to_cart,2026-04-16 21:20:32
U002,P047,purchase,2026-04-19 10:44:04
U002,P033,click,2026-04-08 15:29:34
U003,P065,review,2026-04-09 21:00:27
U003,P068,view,2026-04-06 10:06:13
U003,P017,view,2026-04-15 00:15:15
U003,P055,click,2026-04-09 04:07:58
U003,P086,click,2026-04-07 03:44:21
U003,P044,add_to_wishlist,2026-04-07 06:06:09
U003,P053,view,2026-04-10 14:53:40
U003,P095,purchase,2026-04-05 04:09:12
U003,P017,view,2026-04-05 06:15:13
U004,P065,purchase,2026-04-09 05:33:23
U004,P030,click,2026-04-19 11:44:24
U004,P022,view,2026-04-16 03:13:20
U004,P061,purchase,2026-04-07 13:23:01
U004,P050,add_to_cart,2026-04-03 23:06:19
U004,P084,click,2026-04-02 08:17:08
U004,P041,add_to_cart,2026-04-06 10:10:32
U004,P067,view,2026-04-19 09:19:58
U004,P043,click,2026-04-18 09:40:19
U004,P086,click,2026-04-09 06:40:58
U004,P097,click,2026-04-07 09:48:08
U004,P091,click,2026-04-19 08:09:42
U004,P009,add_to_cart,2026-04-12 14:16:18
U004,P028,rate,2026-04-03 04:46:49
U004,P037,add_to_wishlist,2026-03-31 17:44:45
U005,P094,click,2026-04-03 18:50:35
U005,P030,click,2026-04-05 08:01:38
U005,P090,view,2026-04-14 10:05:11
U005,P100,view,2026-04-09 21:16:12
U005,P076,click,2026-04-03 19:49:25
U005,P035,view,2026-03-31 18:05:09
U005,P063,add_to_cart,2026-03-31 01:41:25
U005,P019,click,2026-04-03 13:13:56
U005,P029,add_to_wishlist,2026-04-06 12:39:59
U005,P096,click,2026-04-07 18:32:28
U005,P009,purchase,2026-04-05 08:59:21
U005,P083,click,2026-04-15 00:11:46
U005,P060,view,2026-04-03 11:01:20
U006,P032,view,2026-04-05 16:38:14
U006,P042,view,2026-04-06 18:17:19
U006,P060,click,2026-04-13 13:06:12
U006,P014,view,2026-04-19 16:20:28
U006,P045,share,2026-04-07 20:47:18
U006,P088,view,2026-04-12 17:48:27
U006,P096,click,2026-04-07 14:57:56
U006,P072,view,2026-04-14 10:01:17
U006,P093,click,2026-04-03 13:33:05
U006,P074,purchase,2026-04-04 17:55:48
U006,P061,rate,2026-04-05 13:46:00
U006,P069,view,2026-04-12 04:25:26
U006,P016,view,2026-04-05 01:34:21
U006,P099,add_to_cart,2026-04-09 17:00:31
U007,P037,click,2026-04-17 03:06:36
U007,P047,add_to_cart,2026-04-15 17:06:14
U007,P049,view,2026-04-16 14:25:11
U007,P085,review,2026-04-05 15:18:42
U007,P038,click,2026-04-01 18:26:50
U007,P037,view,2026-04-02 15:46:41
U007,P058,view,2026-04-19 00:37:41
U007,P019,view,2026-04-15 06:27:27
U007,P037,review,2026-04-01 03:23:44
U007,P081,add_to_cart,2026-04-05 13:13:13
U007,P092,purchase,2026-03-31 05:59:35
U008,P053,view,2026-04-13 13:22:05
U008,P092,click,2026-04-03 03:21:26
U008,P079,add_to_cart,2026-04-12 01:02:18
U008,P010,add_to_wishlist,2026-04-17 17:16:10
U008,P038,add_to_wishlist,2026-04-07 23:33:33
U008,P090,view,2026-04-07 04:15:10
U008,P064,view,2026-04-07 02:01:55
U008,P054,view,2026-04-08 12:10:13
U008,P027,click,2026-04-01 10:49:18
U008,P016,add_to_wishlist,2026-04-02 13:01:04
U008,P025,click,2026-04-14 02:53:24
U008,P015,view,2026-04-11 21:36:19
U009,P069,purchase,2026-04-19 10:51:47
U009,P005,view,2026-04-18 18:18:32
U009,P053,click,2026-04-06 01:33:08
U009,P056,view,2026-04-03 21:51:08
U009,P041,rate,2026-04-03 19:37:53
U009,P032,view,2026-04-18 14:05:10
U009,P090,view,2026-04-15 00:59:16
U009,P024,add_to_wishlist,2026-04-09 23:12:55
U009,P068,purchase,2026-04-03 13:02:33
U009,P016,view,2026-04-10 03:24:14
U009,P047,view,2026-04-05 10:02:43
U009,P089,view,2026-04-11 22:50:58
U009,P059,review,2026-04-05 02:53:07
U009,P079,add_to_cart,2026-04-08 22:00:39
U010,P001,click,2026-04-01 06:45:05
U010,P067,add_to_wishlist,2026-04-01 22:36:30
U010,P002,view,2026-04-17 07:43:54
U010,P029,view,2026-04-05 02:23:44
U010,P086,add_to_cart,2026-04-18 00:02:42
U010,P087,add_to_cart,2026-04-15 16:23:28
U010,P039,view,2026-04-17 17:10:33
U010,P094,view,2026-04-18 16:47:40
U010,P049,add_to_wishlist,2026-04-04 23:20:28
U010,P081,view,2026-04-19 09:10:42
U011,P018,add_to_wishlist,2026-04-18 03:53:28
U011,P094,view,2026-04-11 05:58:54
U011,P084,view,2026-04-02 14:57:18
U011,P018,view,2026-04-11 22:43:52
U011,P034,click,2026-04-03 17:39:30
U011,P027,view,2026-04-06 21:16:32
U011,P042,view,2026-04-19 17:16:22
U011,P040,view,2026-04-11 04:04:25
U012,P055,add_to_cart,2026-04-17 13:13:14
U012,P079,view,2026-04-08 22:27:07
U012,P062,add_to_cart,2026-04-13 07:57:32
U012,P085,click,2026-04-03 16:05:55
U012,P094,click,2026-04-15 21:35:19
U012,P012,review,2026-04-16 02:35:56
U012,P052,view,2026-04-17 10:36:40
U012,P085,view,2026-04-03 21:35:15
U012,P062,view,2026-04-07 13:02:54
U013,P053,view,2026-04-19 02:20:01
U013,P028,view,2026-04-11 16:37:51
U013,P053,add_to_wishlist,2026-04-18 13:48:38
U013,P081,rate,2026-03-31 08:41:58
U013,P061,review,2026-04-17 14:12:19
U013,P021,share,2026-04-14 17:18:22
U013,P036,click,2026-04-04 04:15:45
U013,P069,view,2026-03-31 07:18:09
U013,P081,rate,2026-04-19 21:13:21
U013,P002,purchase,2026-04-12 17:55:21
U013,P002,purchase,2026-04-14 02:57:39
U013,P058,add_to_cart,2026-04-18 23:54:48
U013,P095,add_to_wishlist,2026-04-19 16:23:32
U014,P043,view,2026-03-31 02:50:54
U014,P001,click,2026-04-10 16:06:11
U014,P016,click,2026-04-18 01:09:31
U014,P093,add_to_wishlist,2026-04-04 01:55:12
U014,P036,view,2026-04-15 11:40:49
U014,P014,share,2026-04-09 19:59:38
U014,P031,click,2026-03-31 04:42:53
U014,P011,add_to_cart,2026-04-04 03:11:20
U014,P088,view,2026-04-12 15:54:20
U014,P008,click,2026-04-11 14:33:18
U014,P019,add_to_cart,2026-04-07 06:13:49
U014,P003,add_to_cart,2026-03-31 13:50:26
U015,P030,view,2026-04-10 05:49:52
U015,P040,view,2026-04-01 15:05:56
U015,P055,click,2026-04-06 17:07:59
U015,P039,view,2026-04-15 11:08:15
U015,P076,view,2026-04-12 17:45:42
U015,P037,view,2026-04-01 06:10:45
U015,P072,view,2026-04-07 22:42:09
U015,P039,view,2026-04-18 06:59:54
U015,P026,add_to_wishlist,2026-04-12 03:05:28
U015,P017,view,2026-03-31 17:26:05
U016,P086,add_to_wishlist,2026-04-03 14:45:22
U016,P071,click,2026-03-31 05:44:48
U016,P047,view,2026-04-18 15:47:18
U016,P088,purchase,2026-04-17 20:27:45
U016,P084,add_to_cart,2026-04-02 23:09:54
U016,P001,rate,2026-04-14 21:18:22
U016,P054,review,2026-04-13 22:14:45
U016,P098,review,2026-04-01 18:31:04
U017,P020,click,2026-04-02 18:45:27
U017,P072,add_to_wishlist,2026-04-06 22:37:00
U017,P061,view,2026-04-12 11:23:04
U017,P090,view,2026-04-12 20:22:52
U017,P005,review,2026-04-10 16:32:26
U017,P045,add_to_cart,2026-04-12 11:46:22
U017,P068,view,2026-04-14 01:40:25
U017,P062,view,2026-04-02 03:08:39
U017,P064,view,2026-04-15 07:04:56
U017,P097,view,2026-04-19 06:01:31
U018,P076,rate,2026-04-10 21:25:03
U018,P054,add_to_wishlist,2026-04-01 19:51:33
U018,P049,view,2026-04-14 11:24:57
U018,P031,view,2026-04-13 13:15:17
U018,P034,view,2026-04-12 14:08:00
U018,P025,click,2026-04-05 04:08:03
U018,P071,purchase,2026-04-04 20:38:26
U018,P065,view,2026-04-15 12:32:58
U018,P041,click,2026-04-02 12:22:53
U018,P092,add_to_cart,2026-04-12 23:13:08
U018,P081,add_to_wishlist,2026-04-09 05:04:13
U018,P017,view,2026-04-18 20:18:24
U019,P089,share,2026-04-17 08:05:54
U019,P063,view,2026-04-07 08:24:24
U019,P036,add_to_cart,2026-04-03 21:58:56
U019,P032,review,2026-04-12 22:41:23
U019,P036,rate,2026-04-04 12:05:13
U019,P004,click,2026-04-15 14:40:29
U019,P070,view,2026-04-18 16:21:42
U019,P071,view,2026-04-16 20:06:31
U019,P070,click,2026-04-01 10:23:13
U019,P084,click,2026-04-16 17:12:21
U019,P001,view,2026-04-13 02:51:58
U019,P031,add_to_wishlist,2026-04-11 13:10:44
U019,P013,add_to_cart,2026-04-19 02:23:44
U019,P040,click,2026-04-05 14:13:58
U020,P020,view,2026-04-16 18:26:11
U020,P015,add_to_cart,2026-04-01 06:49:36
U020,P059,add_to_cart,2026-04-15 20:11:02
U020,P004,view,2026-04-16 02:07:39
U020,P071,view,2026-04-06 14:32:49
U020,P068,review,2026-04-16 03:30:59
U020,P068,click,2026-03-31 17:23:14
U020,P030,view,2026-04-01 00:02:43
U020,P004,view,2026-03-31 18:17:09
U020,P062,view,2026-04-09 07:32:11
U020,P029,click,2026-04-19 19:53:53
U020,P057,click,2026-04-19 06:43:40
U020,P018,rate,2026-04-18 01:20:57
U020,P040,click,2026-04-03 08:29:22
U020,P022,click,2026-04-06 03:40:58
U021,P010,purchase,2026-04-09 19:21:29
U021,P042,add_to_cart,2026-04-13 09:50:57
U021,P028,view,2026-04-04 17:01:16
U021,P082,view,2026-04-15 13:00:29
U021,P011,add_to_wishlist,2026-04-13 19:26:54
U021,P025,click,2026-04-02 18:24:31
U021,P065,click,2026-04-06 03:26:34
U021,P031,click,2026-04-14 00:22:01
U021,P064,view,2026-04-03 02:52:19
U021,P090,add_to_wishlist,2026-04-16 13:37:16
U022,P097,add_to_cart,2026-04-11 10:52:04
U022,P066,add_to_cart,2026-04-14 04:32:27
U022,P023,share,2026-04-14 13:29:45
U022,P060,add_to_cart,2026-04-07 16:30:47
U022,P067,click,2026-04-15 07:30:38
U022,P036,view,2026-04-05 17:55:36
U022,P011,click,2026-04-08 21:46:29
U022,P037,view,2026-04-12 08:12:24
U022,P076,view,2026-04-17 21:20:05
U022,P016,view,2026-04-16 23:18:50
U022,P018,rate,2026-04-03 11:10:20
U022,P054,click,2026-04-01 12:36:12
U023,P014,add_to_cart,2026-04-08 12:23:52
U023,P055,view,2026-04-14 00:52:05
U023,P078,click,2026-03-31 12:05:29
U023,P004,add_to_cart,2026-04-15 11:47:50
U023,P074,view,2026-04-06 17:18:32
U023,P096,click,2026-04-07 22:27:37
U023,P093,click,2026-04-07 04:00:44
U023,P009,view,2026-04-11 04:17:18
U023,P073,add_to_cart,2026-04-11 22:27:46
U023,P040,add_to_wishlist,2026-04-06 19:22:19
U023,P051,click,2026-04-03 16:09:27
U023,P075,view,2026-04-12 02:37:39
U023,P076,add_to_cart,2026-04-01 04:52:25
U024,P062,click,2026-04-17 23:05:01
U024,P026,click,2026-04-01 09:36:33
U024,P019,add_to_cart,2026-04-17 00:36:05
U024,P066,purchase,2026-04-17 13:26:23
U024,P011,view,2026-04-05 20:10:56
U024,P062,click,2026-04-14 15:17:01
U024,P047,click,2026-04-10 20:06:01
U024,P058,view,2026-04-07 17:21:06
U025,P026,click,2026-04-06 22:40:53
U025,P061,review,2026-04-19 23:32:25
U025,P088,rate,2026-04-18 11:54:41
U025,P075,click,2026-04-18 03:41:21
U025,P024,click,2026-04-04 14:16:09
U025,P098,review,2026-04-04 23:50:01
U025,P087,view,2026-04-16 08:07:58
U025,P036,add_to_wishlist,2026-04-06 10:55:10
U025,P033,view,2026-04-02 04:38:54
U025,P026,view,2026-04-10 20:26:42
U025,P090,add_to_wishlist,2026-04-14 18:28:53
U025,P085,purchase,2026-04-11 11:53:15
U025,P061,view,2026-04-04 14:06:30
U025,P017,add_to_cart,2026-04-19 20:58:06
U026,P086,view,2026-04-05 21:07:16
U026,P037,share,2026-04-09 01:41:26
U026,P075,add_to_wishlist,2026-04-13 20:02:12
U026,P023,click,2026-04-14 09:14:02
U026,P087,click,2026-04-17 02:19:51
U026,P047,view,2026-04-13 10:41:29
U026,P049,add_to_wishlist,2026-04-02 18:32:30
U026,P017,review,2026-04-14 16:43:27
U026,P099,click,2026-04-05 19:11:21
U026,P004,view,2026-04-01 17:18:01
U027,P042,add_to_wishlist,2026-04-09 09:37:46
U027,P054,view,2026-04-08 18:43:17
U027,P046,add_to_wishlist,2026-04-11 20:41:45
U027,P077,rate,2026-04-07 11:41:57
U027,P067,rate,2026-04-08 01:08:00
U027,P035,view,2026-04-12 15:34:14
U027,P026,view,2026-04-17 09:34:24
U027,P079,click,2026-04-18 18:25:59
U027,P022,view,2026-04-02 13:38:37
U027,P007,rate,2026-04-15 17:22:36
U027,P075,view,2026-04-14 10:17:05
U028,P083,add_to_cart,2026-04-15 23:03:55
U028,P044,view,2026-04-04 17:15:36
U028,P044,view,2026-04-12 06:59:14
U028,P060,click,2026-04-02 07:33:50
U028,P067,view,2026-04-04 17:13:22
U028,P096,view,2026-04-04 02:56:24
U028,P046,click,2026-04-14 08:12:54
U028,P073,view,2026-04-06 06:20:55
U028,P049,add_to_cart,2026-04-08 23:06:58
U028,P037,view,2026-04-07 04:51:08
U028,P041,add_to_cart,2026-04-13 18:16:47
U028,P032,click,2026-04-07 01:02:30
U029,P094,view,2026-04-14 13:57:52
U029,P040,purchase,2026-04-02 15:45:58
U029,P059,add_to_wishlist,2026-04-11 21:45:08
U029,P062,add_to_cart,2026-04-04 16:29:23
U029,P002,click,2026-04-10 12:43:57
U029,P082,click,2026-04-14 04:55:01
U029,P050,view,2026-04-11 17:24:31
U029,P099,click,2026-04-11 10:09:57
U029,P097,purchase,2026-04-03 08:57:54
U029,P022,click,2026-04-09 16:52:55
U029,P018,click,2026-04-02 09:47:26
U029,P056,view,2026-04-19 01:17:10
U029,P085,click,2026-04-18 04:43:24
U030,P039,view,2026-04-08 23:31:48
U030,P066,view,2026-04-12 02:26:02
U030,P038,add_to_cart,2026-04-05 11:05:14
U030,P009,click,2026-04-09 19:53:11
U030,P018,add_to_cart,2026-03-31 06:30:00
U030,P019,review,2026-04-09 21:00:42
U030,P086,purchase,2026-04-02 00:24:16
U030,P062,add_to_wishlist,2026-04-18 14:48:10
U030,P030,click,2026-04-01 18:04:21
U030,P081,click,2026-04-06 12:12:13
U030,P008,add_to_cart,2026-04-16 19:07:49
U030,P012,view,2026-04-14 20:00:26
U030,P065,click,2026-04-14 00:21:59
U031,P082,add_to_cart,2026-04-16 17:45:43
U031,P029,view,2026-04-01 00:08:06
U031,P006,view,2026-04-15 03:37:58
U031,P001,click,2026-04-16 21:09:24
U031,P029,view,2026-04-18 17:38:10
U031,P006,view,2026-04-14 06:02:56
U031,P076,purchase,2026-04-13 23:51:18
U031,P077,view,2026-04-18 07:51:25
U031,P086,add_to_wishlist,2026-04-08 06:16:54
U031,P089,view,2026-04-07 07:01:44
U031,P042,click,2026-04-17 14:20:07
U031,P044,click,2026-04-02 05:17:26
U031,P077,share,2026-04-03 07:34:10
U031,P041,rate,2026-04-12 09:17:04
U031,P076,click,2026-04-14 10:59:45
U032,P020,add_to_wishlist,2026-04-07 02:45:06
U032,P055,view,2026-04-15 05:10:01
U032,P044,click,2026-04-10 18:09:43
U032,P058,purchase,2026-04-16 06:22:52
U032,P061,add_to_cart,2026-04-12 07:44:48
U032,P017,view,2026-04-12 11:20:30
U032,P030,purchase,2026-04-09 08:05:48
U032,P059,view,2026-04-10 03:56:21
U032,P002,view,2026-04-09 18:40:20
U032,P006,rate,2026-04-01 15:18:17
U032,P029,click,2026-04-18 23:12:16
U032,P076,click,2026-04-03 12:33:45
U032,P034,review,2026-04-17 15:59:18
U032,P044,view,2026-04-19 07:39:38
U033,P020,click,2026-04-04 01:49:11
U033,P085,view,2026-04-09 11:36:07
U033,P036,view,2026-04-15 23:33:55
U033,P085,review,2026-04-10 16:31:55
U033,P036,view,2026-04-14 20:12:26
U033,P097,add_to_cart,2026-04-07 03:10:57
U033,P012,click,2026-03-31 10:10:42
U033,P050,review,2026-03-31 15:54:57
U033,P007,review,2026-04-10 11:56:38
U033,P075,click,2026-04-05 12:44:28
U033,P088,view,2026-04-09 03:26:46
U034,P086,add_to_wishlist,2026-04-16 07:20:48
U034,P003,view,2026-04-13 06:22:51
U034,P090,rate,2026-04-04 08:52:07
U034,P026,view,2026-04-10 02:06:19
U034,P074,purchase,2026-04-07 00:23:11
U034,P090,click,2026-04-10 08:44:05
U034,P083,view,2026-04-18 20:16:41
U034,P039,view,2026-04-01 14:14:24
U034,P065,view,2026-04-07 09:39:14
U034,P021,click,2026-04-02 03:48:55
U034,P001,add_to_wishlist,2026-04-08 20:23:33
U035,P100,add_to_cart,2026-04-09 00:43:26
U035,P068,add_to_cart,2026-04-05 14:10:31
U035,P007,view,2026-04-17 23:22:15
U035,P006,view,2026-04-13 21:09:45
U035,P063,click,2026-04-09 18:01:13
U035,P027,click,2026-04-11 22:11:58
U035,P029,view,2026-04-01 16:13:45
U035,P002,click,2026-03-31 19:32:24
U035,P065,add_to_cart,2026-04-08 17:40:41
U035,P052,view,2026-04-18 19:18:42
U035,P011,click,2026-04-12 12:32:25
U035,P096,click,2026-04-04 21:56:14
U035,P072,add_to_wishlist,2026-04-08 15:43:02
U035,P057,add_to_wishlist,2026-04-16 15:48:48
U036,P019,view,2026-04-18 13:12:08
U036,P053,purchase,2026-04-03 03:27:28
U036,P004,add_to_wishlist,2026-04-02 12:57:05
U036,P086,add_to_wishlist,2026-04-03 22:35:23
U036,P036,rate,2026-04-18 01:00:08
U036,P017,view,2026-04-06 22:26:14
U036,P098,view,2026-03-31 03:02:34
U036,P027,click,2026-04-16 15:36:13
U036,P019,review,2026-04-17 07:11:29
U036,P053,view,2026-04-15 17:24:20
U036,P062,view,2026-04-10 11:15:09
U036,P066,click,2026-04-13 10:50:45
U036,P067,view,2026-04-07 11:28:28
U036,P002,view,2026-04-14 02:52:17
U036,P076,view,2026-04-04 13:24:49
U037,P017,view,2026-04-06 15:13:35
U037,P022,add_to_wishlist,2026-04-16 07:02:10
U037,P055,add_to_cart,2026-04-12 04:35:55
U037,P066,view,2026-04-12 16:47:50
U037,P032,review,2026-04-15 22:20:43
U037,P025,add_to_wishlist,2026-04-12 01:52:09
U037,P074,view,2026-03-31 21:27:05
U037,P019,view,2026-04-18 21:18:23
U037,P093,add_to_cart,2026-04-12 06:03:22
U037,P067,view,2026-03-31 21:18:21
U038,P028,view,2026-04-02 17:49:07
U038,P013,click,2026-04-05 21:44:09
U038,P095,view,2026-04-16 13:43:08
U038,P018,view,2026-04-04 04:42:19
U038,P077,click,2026-04-16 20:44:33
U038,P100,add_to_cart,2026-04-02 15:46:14
U038,P021,add_to_cart,2026-04-04 05:48:00
U038,P011,view,2026-04-16 20:46:43
U038,P059,view,2026-04-15 09:30:08
U038,P028,add_to_cart,2026-04-13 22:18:35
U038,P039,share,2026-04-14 15:28:21
U038,P034,add_to_wishlist,2026-04-11 20:19:56
U038,P057,view,2026-04-06 04:50:56
U038,P066,view,2026-04-01 06:52:17
U038,P078,click,2026-04-07 08:35:56
U039,P037,click,2026-04-06 02:10:06
U039,P057,share,2026-04-12 01:42:27
U039,P073,purchase,2026-04-07 20:26:01
U039,P026,view,2026-04-06 14:07:51
U039,P038,click,2026-04-13 14:47:57
U039,P098,view,2026-04-17 22:23:38
U039,P037,add_to_wishlist,2026-04-12 20:51:31
U039,P075,add_to_cart,2026-03-31 01:54:14
U039,P032,purchase,2026-04-03 07:39:08
U039,P046,view,2026-04-09 16:00:39
U039,P056,click,2026-04-03 08:09:21
U039,P006,view,2026-04-14 16:46:42
U040,P034,view,2026-04-14 19:03:37
U040,P069,view,2026-04-10 08:36:33
U040,P005,click,2026-04-02 08:00:29
U040,P099,view,2026-04-06 13:40:58
U040,P033,add_to_wishlist,2026-04-17 08:47:39
U040,P059,add_to_cart,2026-04-11 05:08:34
U040,P048,view,2026-04-03 07:35:00
U040,P032,add_to_wishlist,2026-04-17 00:22:32
U040,P035,add_to_cart,2026-04-17 03:56:29
U041,P037,view,2026-03-31 02:59:53
U041,P016,add_to_wishlist,2026-04-06 15:08:00
U041,P011,view,2026-03-31 03:36:46
U041,P076,click,2026-03-31 19:24:32
U041,P064,click,2026-04-16 15:17:16
U041,P033,add_to_wishlist,2026-04-15 16:07:10
U041,P079,purchase,2026-04-12 14:23:59
U041,P029,add_to_wishlist,2026-04-12 20:00:44
U042,P028,add_to_cart,2026-04-10 18:20:48
U042,P010,view,2026-04-14 19:12:51
U042,P064,add_to_wishlist,2026-04-09 01:07:27
U042,P073,click,2026-04-02 14:42:06
U042,P098,purchase,2026-04-11 21:08:15
U042,P080,view,2026-04-04 17:50:01
U042,P019,click,2026-04-10 00:31:43
U042,P088,add_to_wishlist,2026-04-09 17:30:03
U042,P078,view,2026-04-09 04:46:28
U042,P058,click,2026-04-09 13:36:31
U042,P069,add_to_wishlist,2026-04-17 01:56:49
U042,P037,click,2026-04-01 10:43:32
U042,P006,rate,2026-04-04 11:59:21
U042,P089,rate,2026-04-14 11:48:47
U043,P033,view,2026-04-17 20:15:13
U043,P039,review,2026-04-11 14:04:49
U043,P015,add_to_wishlist,2026-04-02 09:45:13
U043,P081,review,2026-04-17 19:10:15
U043,P043,add_to_cart,2026-04-13 02:42:21
U043,P043,rate,2026-04-19 03:40:34
U043,P053,purchase,2026-04-18 23:42:10
U043,P005,view,2026-04-03 01:13:40
U044,P005,add_to_cart,2026-04-12 20:52:22
U044,P097,add_to_cart,2026-04-10 15:13:14
U044,P072,click,2026-04-02 22:14:24
U044,P034,review,2026-04-04 22:59:52
U044,P067,share,2026-04-18 05:46:38
U044,P100,view,2026-04-13 10:15:38
U044,P025,click,2026-03-31 07:24:56
U044,P090,view,2026-04-11 13:08:06
U044,P042,view,2026-04-07 13:14:38
U044,P047,view,2026-04-12 05:01:37
U044,P001,view,2026-04-10 12:24:56
U044,P078,review,2026-04-03 00:17:39
U044,P085,view,2026-04-18 22:13:58
U044,P084,review,2026-04-10 06:22:19
U045,P043,purchase,2026-04-13 15:18:46
U045,P100,add_to_wishlist,2026-04-11 05:34:48
U045,P062,purchase,2026-04-09 07:35:18
U045,P011,view,2026-04-05 07:06:04
U045,P055,add_to_wishlist,2026-04-11 17:30:46
U045,P079,add_to_cart,2026-04-06 18:51:56
U045,P067,add_to_cart,2026-04-13 16:16:51
U045,P082,click,2026-04-17 18:14:50
U045,P086,click,2026-04-07 15:54:41
U045,P013,add_to_wishlist,2026-04-03 22:24:56
U045,P063,add_to_cart,2026-04-16 00:38:29
U045,P006,click,2026-04-09 05:28:35
U045,P077,view,2026-04-18 13:03:47
U045,P091,click,2026-04-07 19:36:29
U045,P086,view,2026-04-09 09:40:28
U046,P091,add_to_wishlist,2026-04-02 04:57:25
U046,P073,view,2026-04-08 08:05:06
U046,P093,add_to_wishlist,2026-03-31 16:19:07
U046,P097,view,2026-04-04 00:49:22
U046,P032,click,2026-04-07 22:13:50
U046,P002,add_to_cart,2026-04-07 14:14:26
U046,P094,view,2026-04-16 22:25:15
U046,P034,add_to_cart,2026-03-31 09:04:45
U046,P004,click,2026-03-31 05:38:28
U046,P092,click,2026-04-12 12:10:13
U047,P098,click,2026-04-12 10:14:57
U047,P021,view,2026-04-08 15:23:55
U047,P030,view,2026-04-16 20:11:43
U047,P069,add_to_cart,2026-04-15 04:10:04
U047,P052,click,2026-04-02 22:52:02
U047,P017,view,2026-04-07 18:13:20
U047,P029,view,2026-04-01 07:32:18
U047,P060,click,2026-04-06 10:26:58
U047,P018,click,2026-04-05 00:46:38
U047,P013,purchase,2026-04-18 07:23:26
U047,P089,add_to_wishlist,2026-04-09 11:05:20
U047,P076,add_to_cart,2026-04-16 02:14:56
U047,P093,add_to_cart,2026-04-07 23:49:34
U047,P024,review,2026-04-03 08:58:00
U048,P018,click,2026-04-12 07:20:23
U048,P041,view,2026-04-17 00:06:16
U048,P051,click,2026-04-10 13:13:02
U048,P060,add_to_cart,2026-04-11 03:42:02
U048,P093,view,2026-04-09 06:44:06
U048,P074,click,2026-04-17 15:38:05
U048,P070,add_to_wishlist,2026-04-17 12:40:08
U048,P068,share,2026-04-02 13:09:36
U048,P088,click,2026-04-05 05:53:58
U048,P042,add_to_cart,2026-04-15 06:44:56
U048,P005,add_to_wishlist,2026-04-08 12:17:22
U048,P060,purchase,2026-03-31 15:15:36
U048,P037,view,2026-04-18 18:54:04
U048,P050,view,2026-04-11 11:54:47
U048,P006,view,2026-04-12 01:08:47
U049,P083,view,2026-04-13 18:37:18
U049,P060,add_to_wishlist,2026-04-01 05:34:32
U049,P008,add_to_wishlist,2026-04-10 18:15:29
U049,P037,click,2026-04-13 02:14:21
U049,P005,view,2026-04-14 19:33:12
U049,P074,purchase,2026-04-03 03:51:02
U049,P051,view,2026-04-18 18:17:11
U049,P092,rate,2026-04-17 03:46:55
U050,P042,click,2026-04-13 15:47:06
U050,P069,view,2026-04-04 11:33:01
U050,P095,add_to_cart,2026-04-14 05:10:19
U050,P035,view,2026-04-13 04:08:23
U050,P006,view,2026-04-06 04:28:00
U050,P020,view,2026-04-08 19:07:40
U050,P070,click,2026-04-02 20:17:45
U050,P021,rate,2026-04-09 21:49:36
U050,P011,view,2026-04-19 20:33:23
U050,P022,add_to_cart,2026-04-19 18:20:21
U050,P086,click,2026-04-13 14:23:10
U050,P013,view,2026-04-04 21:10:55
U050,P083,view,2026-03-31 16:59:48
U050,P040,view,2026-04-13 10:34:26
U051,P098,click,2026-04-04 04:15:41
U051,P049,rate,2026-04-05 18:22:27
U051,P088,add_to_cart,2026-04-05 15:24:59
U051,P014,click,2026-04-05 14:56:51
U051,P068,click,2026-04-16 23:34:37
U051,P044,view,2026-04-18 13:26:54
U051,P002,add_to_cart,2026-04-12 19:46:19
U051,P086,click,2026-04-16 06:27:07
U051,P092,view,2026-04-13 05:14:57
U051,P040,click,2026-04-17 15:19:34
U051,P008,click,2026-04-01 17:13:58
U052,P080,view,2026-04-09 09:27:03
U052,P076,click,2026-04-01 04:47:08
U052,P027,view,2026-04-19 17:45:36
U052,P030,click,2026-04-06 15:38:43
U052,P072,add_to_cart,2026-04-15 11:05:32
U052,P050,rate,2026-04-07 12:52:31
U052,P013,purchase,2026-04-10 07:03:01
U052,P087,add_to_wishlist,2026-04-09 14:13:18
U052,P020,add_to_cart,2026-04-08 23:35:13
U052,P068,click,2026-04-12 06:49:01
U052,P095,click,2026-04-19 17:11:05
U052,P045,purchase,2026-04-02 06:54:50
U052,P002,add_to_wishlist,2026-04-01 15:32:06
U052,P066,view,2026-04-04 23:27:19
U052,P093,add_to_cart,2026-03-31 15:26:44
U053,P084,view,2026-04-18 15:26:00
U053,P007,click,2026-03-31 00:34:21
U053,P022,view,2026-04-15 15:54:23
U053,P006,click,2026-04-16 10:41:30
U053,P098,click,2026-04-16 15:18:53
U053,P100,click,2026-03-31 08:51:41
U053,P011,click,2026-04-16 11:35:41
U053,P007,view,2026-04-12 16:04:33
U053,P030,view,2026-04-05 00:08:09
U053,P003,add_to_wishlist,2026-04-05 04:23:16
U053,P026,view,2026-04-07 23:21:11
U053,P037,click,2026-04-04 17:00:09
U053,P099,click,2026-03-31 17:46:26
U053,P010,view,2026-04-15 00:19:59
U053,P098,add_to_cart,2026-04-14 00:08:39
U054,P073,click,2026-04-01 19:57:37
U054,P006,click,2026-04-10 07:32:56
U054,P003,click,2026-04-09 19:15:40
U054,P071,add_to_cart,2026-04-04 04:45:35
U054,P024,view,2026-04-14 09:13:17
U054,P033,view,2026-04-11 10:27:18
U054,P047,view,2026-04-12 10:59:36
U054,P094,add_to_cart,2026-04-07 16:20:13
U054,P023,add_to_wishlist,2026-04-04 22:40:39
U054,P063,add_to_cart,2026-04-11 20:29:28
U054,P027,view,2026-04-04 22:31:58
U055,P091,purchase,2026-04-16 04:03:09
U055,P033,view,2026-04-07 11:38:59
U055,P055,add_to_cart,2026-04-15 06:26:16
U055,P027,view,2026-04-12 08:01:21
U055,P008,click,2026-03-31 22:56:54
U055,P044,click,2026-04-16 00:58:11
U055,P094,add_to_wishlist,2026-04-15 01:50:46
U055,P058,view,2026-04-11 17:26:42
U055,P031,view,2026-04-11 16:28:03
U055,P075,view,2026-04-07 09:04:17
U056,P067,add_to_wishlist,2026-04-11 22:21:37
U056,P016,click,2026-04-09 10:55:29
U056,P057,click,2026-04-12 01:17:29
U056,P095,rate,2026-04-11 09:06:08
U056,P007,add_to_wishlist,2026-04-09 12:36:03
U056,P008,view,2026-04-07 12:52:18
U056,P036,view,2026-04-03 21:07:50
U056,P001,purchase,2026-04-17 18:51:09
U057,P060,add_to_cart,2026-04-07 06:21:15
U057,P060,click,2026-04-03 00:20:53
U057,P086,click,2026-04-07 18:30:34
U057,P029,view,2026-04-19 17:05:37
U057,P044,view,2026-04-07 21:31:57
U057,P073,view,2026-04-02 23:46:25
U057,P084,click,2026-04-19 17:44:21
U057,P052,view,2026-04-19 23:26:03
U057,P042,review,2026-04-02 00:42:57
U057,P069,view,2026-04-04 17:14:21
U057,P034,view,2026-04-17 14:36:13
U057,P011,add_to_wishlist,2026-04-17 09:02:05
U058,P099,view,2026-04-18 06:54:30
U058,P077,view,2026-04-19 08:09:05
U058,P049,view,2026-04-07 20:06:51
U058,P042,click,2026-04-11 18:08:03
U058,P036,review,2026-04-19 10:18:31
U058,P026,click,2026-03-31 04:21:55
U058,P042,purchase,2026-04-14 09:20:00
U058,P047,click,2026-04-03 19:14:45
U058,P087,rate,2026-04-03 00:18:34
U058,P076,click,2026-04-15 11:01:14
U059,P043,view,2026-04-14 11:27:48
U059,P039,add_to_wishlist,2026-04-19 07:25:09
U059,P064,purchase,2026-04-04 23:30:55
U059,P069,view,2026-04-13 15:23:04
U059,P092,add_to_wishlist,2026-04-03 03:42:27
U059,P021,view,2026-04-12 23:41:17
U059,P011,view,2026-04-16 01:22:14
U059,P064,add_to_wishlist,2026-03-31 13:38:02
U059,P070,click,2026-04-04 04:38:52
U059,P061,click,2026-04-14 13:18:46
U059,P007,add_to_wishlist,2026-04-01 02:01:08
U059,P087,add_to_cart,2026-04-03 08:52:11
U060,P072,add_to_wishlist,2026-04-02 21:46:14
U060,P061,add_to_cart,2026-04-03 19:51:43
U060,P021,add_to_wishlist,2026-04-19 10:45:11
U060,P018,click,2026-04-08 13:43:23
U060,P092,view,2026-04-07 15:32:48
U060,P075,click,2026-04-06 17:37:31
U060,P083,add_to_cart,2026-03-31 08:58:53
U060,P001,purchase,2026-04-01 06:06:14
U060,P079,click,2026-04-07 14:23:21
U060,P081,view,2026-04-12 13:07:06
U061,P100,click,2026-04-18 19:55:41
U061,P097,click,2026-04-03 10:34:41
U061,P071,rate,2026-04-13 23:45:42
U061,P027,view,2026-04-14 02:39:20
U061,P061,click,2026-04-03 03:59:24
U061,P011,view,2026-03-31 12:44:43
U061,P057,click,2026-04-05 22:04:07
U061,P058,click,2026-04-01 07:11:32
U062,P006,view,2026-04-17 05:56:54
U062,P012,rate,2026-04-08 02:57:35
U062,P087,rate,2026-04-07 11:20:15
U062,P098,click,2026-04-12 21:41:24
U062,P012,add_to_cart,2026-04-08 12:00:07
U062,P055,view,2026-04-06 22:30:29
U062,P088,view,2026-04-16 13:51:27
U062,P049,view,2026-03-31 06:49:37
U062,P019,add_to_cart,2026-04-12 17:27:18
U062,P008,add_to_wishlist,2026-04-04 07:29:12
U062,P100,share,2026-04-09 17:48:15
U062,P095,rate,2026-04-19 02:49:12
U062,P041,view,2026-04-09 04:18:13
U063,P011,view,2026-04-16 06:47:09
U063,P012,share,2026-04-17 13:14:40
U063,P054,click,2026-04-14 00:12:37
U063,P085,view,2026-04-18 05:34:23
U063,P034,view,2026-04-14 04:59:34
U063,P023,click,2026-04-12 03:06:56
U063,P074,view,2026-04-06 19:56:19
U063,P076,purchase,2026-04-17 14:38:29
U063,P074,view,2026-04-13 14:28:54
U063,P092,add_to_wishlist,2026-04-06 10:47:53
U063,P045,rate,2026-04-17 19:19:15
U064,P040,view,2026-04-17 19:17:51
U064,P031,view,2026-04-13 17:13:01
U064,P030,rate,2026-04-06 01:57:17
U064,P076,purchase,2026-04-18 00:48:10
U064,P011,share,2026-04-01 09:36:07
U064,P024,add_to_cart,2026-04-18 13:59:42
U064,P072,view,2026-04-07 07:55:23
U064,P087,add_to_wishlist,2026-04-09 09:32:07
U064,P009,add_to_wishlist,2026-04-06 12:11:23
U064,P080,view,2026-04-16 01:51:28
U065,P093,click,2026-04-19 11:14:39
U065,P063,click,2026-04-14 23:34:33
U065,P096,share,2026-04-02 08:46:02
U065,P089,add_to_cart,2026-04-16 16:50:10
U065,P006,view,2026-04-03 23:03:54
U065,P079,purchase,2026-04-05 09:31:19
U065,P070,review,2026-04-13 11:50:37
U065,P023,add_to_cart,2026-04-19 04:10:57
U065,P008,view,2026-04-06 20:48:42
U065,P085,view,2026-04-14 18:25:05
U065,P070,click,2026-04-11 08:24:39
U066,P018,view,2026-04-14 00:21:18
U066,P091,view,2026-04-15 00:51:43
U066,P085,view,2026-04-10 22:24:49
U066,P012,view,2026-04-04 06:53:00
U066,P060,view,2026-04-02 13:57:02
U066,P059,view,2026-04-05 22:03:33
U066,P034,view,2026-04-19 01:18:49
U066,P073,rate,2026-04-02 10:17:18
U066,P015,add_to_wishlist,2026-04-09 19:44:42
U067,P012,add_to_wishlist,2026-04-08 20:29:32
U067,P050,view,2026-04-11 17:08:35
U067,P005,add_to_cart,2026-04-15 18:17:15
U067,P025,purchase,2026-04-08 06:08:43
U067,P028,view,2026-04-13 10:38:50
U067,P060,view,2026-04-16 03:04:23
U067,P091,add_to_wishlist,2026-04-04 13:46:44
U067,P090,rate,2026-04-02 03:32:43
U067,P046,add_to_wishlist,2026-04-12 07:13:11
U067,P083,view,2026-04-11 15:02:06
U067,P100,click,2026-04-18 04:27:55
U067,P039,view,2026-04-03 09:43:26
U067,P004,rate,2026-04-15 01:44:10
U067,P037,view,2026-04-13 09:33:58
U068,P070,view,2026-04-05 03:54:18
U068,P024,review,2026-04-14 14:53:30
U068,P024,click,2026-04-09 11:21:43
U068,P046,click,2026-04-06 05:50:57
U068,P027,purchase,2026-04-11 13:00:30
U068,P016,add_to_cart,2026-04-18 11:43:38
U068,P082,rate,2026-04-04 16:40:12
U068,P075,add_to_cart,2026-04-12 18:22:43
U068,P010,click,2026-04-01 11:03:59
U068,P013,click,2026-04-03 13:59:36
U068,P045,click,2026-04-14 20:59:25
U068,P029,click,2026-04-12 21:23:05
U068,P049,view,2026-04-13 12:39:04
U069,P063,add_to_wishlist,2026-04-10 18:09:39
U069,P075,view,2026-04-17 05:25:48
U069,P013,view,2026-04-04 21:02:22
U069,P099,view,2026-03-31 07:29:18
U069,P043,view,2026-04-16 14:58:18
U069,P039,view,2026-04-13 19:15:50
U069,P009,click,2026-03-31 16:17:13
U069,P007,view,2026-04-16 15:43:42
U069,P029,add_to_cart,2026-04-13 12:29:42
U069,P007,add_to_cart,2026-04-19 14:40:57
U069,P078,add_to_cart,2026-04-16 12:50:24
U070,P013,click,2026-04-15 05:06:37
U070,P065,click,2026-04-13 06:05:57
U070,P090,click,2026-04-18 08:40:50
U070,P050,click,2026-04-12 03:47:03
U070,P032,click,2026-04-13 13:02:00
U070,P078,click,2026-04-15 18:06:56
U070,P015,click,2026-04-18 21:46:52
U070,P091,add_to_cart,2026-04-06 06:02:48
U071,P018,view,2026-04-08 16:05:14
U071,P015,view,2026-04-01 19:54:14
U071,P054,view,2026-04-04 17:45:32
U071,P024,click,2026-04-06 17:38:54
U071,P052,click,2026-04-14 04:05:56
U071,P091,view,2026-04-04 05:31:37
U071,P046,view,2026-04-01 17:50:59
U071,P066,add_to_wishlist,2026-04-10 00:57:18
U071,P005,add_to_cart,2026-04-19 13:24:05
U071,P064,purchase,2026-04-16 16:02:45
U072,P017,add_to_wishlist,2026-04-10 23:14:53
U072,P078,view,2026-04-08 01:02:10
U072,P015,click,2026-04-10 10:28:54
U072,P047,click,2026-04-19 01:16:37
U072,P098,add_to_cart,2026-04-18 15:12:19
U072,P075,view,2026-03-31 21:01:07
U072,P011,add_to_wishlist,2026-04-15 10:31:07
U072,P002,add_to_cart,2026-04-10 17:00:55
U072,P069,view,2026-04-13 23:47:52
U072,P075,add_to_wishlist,2026-04-12 14:25:38
U073,P031,add_to_cart,2026-04-01 19:35:39
U073,P093,click,2026-04-08 20:30:38
U073,P061,view,2026-04-01 04:33:04
U073,P045,add_to_cart,2026-04-09 02:48:39
U073,P024,add_to_cart,2026-04-19 14:30:12
U073,P095,view,2026-04-14 00:49:42
U073,P080,click,2026-04-14 02:23:46
U073,P025,view,2026-04-19 23:50:04
U073,P065,view,2026-04-09 06:29:22
U073,P045,view,2026-04-02 08:14:25
U074,P004,view,2026-03-31 23:31:09
U074,P076,click,2026-04-14 10:41:09
U074,P044,review,2026-04-09 06:41:22
U074,P081,add_to_cart,2026-03-31 14:04:16
U074,P013,purchase,2026-04-07 23:25:25
U074,P099,view,2026-04-05 15:31:42
U074,P020,view,2026-04-10 08:30:35
U074,P077,click,2026-04-06 04:48:31
U075,P060,click,2026-04-13 05:52:02
U075,P054,rate,2026-04-03 09:11:50
U075,P085,add_to_cart,2026-04-09 23:26:13
U075,P099,view,2026-03-31 13:24:13
U075,P011,view,2026-04-08 12:35:02
U075,P029,add_to_cart,2026-04-12 08:45:21
U075,P026,click,2026-04-09 14:46:31
U075,P036,view,2026-04-06 06:25:23
U075,P083,add_to_wishlist,2026-04-18 06:15:56
U076,P059,add_to_wishlist,2026-04-15 00:04:19
U076,P076,view,2026-04-06 10:57:26
U076,P091,add_to_cart,2026-04-19 01:24:36
U076,P004,view,2026-04-15 12:01:48
U076,P056,add_to_cart,2026-04-16 06:55:07
U076,P097,view,2026-04-11 14:59:51
U076,P054,add_to_wishlist,2026-04-06 06:30:08
U076,P023,click,2026-04-15 16:12:49
U076,P081,add_to_cart,2026-04-05 00:48:42
U076,P083,view,2026-04-09 14:46:03
U076,P049,add_to_cart,2026-04-16 16:02:28
U076,P068,click,2026-04-17 17:27:18
U076,P005,view,2026-04-07 08:25:35
U077,P041,rate,2026-04-14 15:17:44
U077,P069,click,2026-04-05 18:40:16
U077,P001,click,2026-04-10 15:35:51
U077,P011,click,2026-04-01 23:00:53
U077,P003,add_to_wishlist,2026-04-14 04:00:23
U077,P036,add_to_wishlist,2026-04-17 15:12:20
U077,P020,add_to_cart,2026-04-07 18:05:49
U077,P067,click,2026-04-16 13:47:53
U077,P089,add_to_cart,2026-04-02 03:34:20
U077,P074,view,2026-04-11 17:31:09
U077,P019,click,2026-04-13 13:10:30
U077,P011,click,2026-04-19 11:26:22
U078,P072,click,2026-04-04 00:46:09
U078,P050,add_to_cart,2026-04-12 19:43:33
U078,P053,click,2026-03-31 02:16:38
U078,P092,add_to_cart,2026-04-09 03:17:36
U078,P030,click,2026-04-09 22:45:26
U078,P091,review,2026-04-05 20:19:33
U078,P059,click,2026-04-12 19:09:55
U078,P054,add_to_cart,2026-04-15 07:54:06
U078,P100,add_to_cart,2026-04-02 02:40:27
U078,P009,view,2026-04-16 08:37:24
U078,P092,add_to_cart,2026-04-04 14:51:01
U078,P013,review,2026-04-19 16:41:00
U079,P018,view,2026-04-19 04:25:58
U079,P006,add_to_cart,2026-04-02 21:16:39
U079,P058,add_to_cart,2026-04-17 00:16:36
U079,P033,rate,2026-04-06 21:22:06
U079,P038,add_to_wishlist,2026-04-18 14:56:23
U079,P086,add_to_wishlist,2026-04-10 11:05:52
U079,P040,click,2026-04-01 02:59:42
U079,P096,add_to_cart,2026-04-19 16:48:56
U079,P071,add_to_cart,2026-04-08 14:40:10
U079,P071,view,2026-04-12 18:59:34
U079,P057,view,2026-04-15 07:13:12
U079,P067,rate,2026-04-03 07:09:09
U079,P087,rate,2026-04-08 20:19:40
U079,P070,add_to_wishlist,2026-04-10 00:34:27
U079,P024,view,2026-04-04 10:07:36
U080,P065,view,2026-04-07 18:31:13
U080,P080,add_to_wishlist,2026-04-11 08:35:18
U080,P082,rate,2026-04-12 08:59:09
U080,P073,add_to_wishlist,2026-04-08 01:11:03
U080,P033,add_to_wishlist,2026-04-08 18:58:43
U080,P095,add_to_cart,2026-03-31 16:25:47
U080,P041,click,2026-04-15 03:21:59
U080,P040,view,2026-04-10 00:34:39
U080,P092,rate,2026-04-06 20:18:47
U080,P041,add_to_cart,2026-04-13 06:27:20
U080,P027,click,2026-04-10 03:33:48
U080,P070,purchase,2026-04-09 08:22:31
U080,P028,click,2026-03-31 08:35:35
U080,P095,view,2026-04-14 15:57:40
U081,P094,view,2026-04-05 07:19:51
U081,P095,click,2026-04-09 08:24:23
U081,P040,add_to_cart,2026-04-08 23:30:14
U081,P055,add_to_cart,2026-04-08 14:25:40
U081,P082,add_to_wishlist,2026-04-19 08:15:47
U081,P099,click,2026-04-13 14:16:49
U081,P025,add_to_wishlist,2026-04-14 17:08:53
U081,P085,view,2026-04-06 10:44:41
U081,P025,view,2026-03-31 20:51:13
U081,P090,view,2026-04-11 00:07:53
U081,P016,view,2026-04-19 20:17:29
U081,P063,click,2026-04-03 04:40:21
U081,P020,click,2026-04-08 02:32:28
U082,P055,review,2026-04-11 14:41:56
U082,P093,view,2026-04-06 09:17:26
U082,P092,share,2026-04-09 05:43:12
U082,P042,purchase,2026-04-15 07:43:44
U082,P072,view,2026-04-05 15:33:36
U082,P069,add_to_wishlist,2026-04-06 17:40:57
U082,P035,share,2026-04-04 20:50:07
U082,P081,click,2026-04-05 03:58:37
U082,P080,add_to_cart,2026-04-03 18:20:39
U082,P032,add_to_cart,2026-04-06 14:15:02
U082,P017,click,2026-04-01 23:15:58
U082,P007,click,2026-04-10 00:37:15
U082,P041,view,2026-04-18 06:34:08
U082,P024,click,2026-04-12 07:20:47
U082,P068,review,2026-04-07 08:21:31
U083,P088,add_to_wishlist,2026-04-18 03:08:37
U083,P012,view,2026-04-11 12:19:32
U083,P095,rate,2026-04-06 06:26:23
U083,P068,add_to_cart,2026-04-16 10:41:28
U083,P044,click,2026-04-18 22:45:59
U083,P037,view,2026-04-11 19:02:03
U083,P024,purchase,2026-04-13 19:04:52
U083,P038,add_to_wishlist,2026-04-14 10:57:54
U084,P004,view,2026-04-05 20:04:06
U084,P100,add_to_cart,2026-04-01 17:30:52
U084,P079,add_to_cart,2026-04-15 01:11:33
U084,P084,add_to_cart,2026-04-10 13:36:28
U084,P030,add_to_cart,2026-04-08 06:26:07
U084,P028,add_to_wishlist,2026-04-04 15:15:24
U084,P070,view,2026-04-10 11:34:19
U084,P091,click,2026-04-01 11:09:23
U084,P064,view,2026-04-10 07:07:23
U084,P023,view,2026-04-10 07:52:48
U084,P087,view,2026-04-18 08:58:55
U084,P073,view,2026-03-31 21:17:41
U084,P069,view,2026-04-15 22:44:17
U084,P039,add_to_cart,2026-04-05 06:08:38
U084,P067,click,2026-04-02 03:49:37
U085,P078,view,2026-04-07 23:15:40
U085,P066,view,2026-04-05 13:27:52
U085,P066,view,2026-04-05 08:27:02
U085,P026,click,2026-04-09 18:52:51
U085,P055,rate,2026-04-06 12:35:57
U085,P052,click,2026-04-07 20:20:43
U085,P036,purchase,2026-04-08 23:43:20
U085,P083,click,2026-04-05 15:08:17
U085,P009,click,2026-04-04 21:16:14
U085,P023,click,2026-04-10 00:55:59
U085,P039,view,2026-04-01 10:49:42
U085,P052,view,2026-04-11 20:09:21
U085,P082,view,2026-04-12 08:04:35
U086,P074,view,2026-04-16 12:04:56
U086,P078,add_to_wishlist,2026-04-03 15:44:30
U086,P038,view,2026-04-02 05:37:31
U086,P021,add_to_cart,2026-04-18 11:26:53
U086,P099,purchase,2026-04-15 01:01:03
U086,P093,add_to_wishlist,2026-04-19 04:12:11
U086,P068,click,2026-04-15 12:40:11
U086,P080,add_to_wishlist,2026-04-06 01:56:26
U086,P094,add_to_cart,2026-04-02 03:26:42
U086,P041,add_to_cart,2026-04-19 06:31:46
U086,P071,add_to_cart,2026-04-12 22:45:25
U086,P022,view,2026-04-19 19:19:05
U086,P023,view,2026-04-05 03:00:33
U087,P066,click,2026-04-04 07:12:03
U087,P010,click,2026-04-15 01:01:04
U087,P094,add_to_wishlist,2026-04-14 01:48:44
U087,P099,click,2026-04-18 06:09:34
U087,P057,view,2026-04-09 11:47:23
U087,P011,add_to_wishlist,2026-04-16 08:26:38
U087,P077,click,2026-04-06 14:19:20
U087,P078,rate,2026-04-01 11:04:29
U087,P079,click,2026-04-04 06:43:26
U087,P045,click,2026-04-01 02:23:56
U087,P093,view,2026-04-04 18:42:32
U088,P016,add_to_wishlist,2026-04-07 08:45:54
U088,P012,view,2026-04-07 03:30:55
U088,P026,click,2026-04-10 11:20:07
U088,P089,share,2026-04-03 11:05:08
U088,P098,add_to_wishlist,2026-04-12 16:56:42
U088,P094,click,2026-04-19 01:14:05
U088,P058,purchase,2026-04-03 23:15:18
U088,P076,click,2026-04-01 00:41:09
U088,P097,add_to_cart,2026-04-03 20:23:34
U088,P035,click,2026-04-08 03:31:05
U088,P097,view,2026-04-16 06:55:34
U088,P028,view,2026-04-14 01:11:31
U088,P056,add_to_wishlist,2026-04-07 11:50:45
U088,P036,review,2026-04-19 18:05:32
U088,P004,view,2026-04-02 12:36:18
U089,P052,add_to_wishlist,2026-04-13 13:36:30
U089,P045,view,2026-04-15 12:43:28
U089,P009,view,2026-04-01 11:27:42
U089,P005,click,2026-04-08 04:15:49
U089,P013,add_to_cart,2026-04-02 23:14:52
U089,P031,click,2026-04-10 08:46:05
U089,P031,view,2026-04-03 05:01:51
U089,P092,add_to_cart,2026-04-13 19:21:18
U090,P010,view,2026-04-18 03:51:30
U090,P073,click,2026-04-01 08:38:50
U090,P043,add_to_wishlist,2026-04-02 10:40:38
U090,P070,click,2026-04-19 05:19:28
U090,P061,add_to_cart,2026-04-19 18:21:35
U090,P030,view,2026-04-15 23:49:30
U090,P057,click,2026-04-05 06:18:14
U090,P038,purchase,2026-04-01 16:34:14
U090,P005,add_to_cart,2026-04-13 15:02:54
U090,P065,click,2026-04-01 21:44:02
U090,P084,add_to_wishlist,2026-04-17 20:29:37
U091,P040,add_to_cart,2026-04-19 04:18:32
U091,P094,add_to_wishlist,2026-04-18 04:47:36
U091,P009,view,2026-04-16 11:45:04
U091,P036,view,2026-04-06 14:06:28
U091,P052,click,2026-04-08 12:42:50
U091,P065,review,2026-04-11 04:15:17
U091,P044,view,2026-04-06 17:21:09
U091,P007,purchase,2026-04-02 10:17:22
U091,P051,click,2026-04-15 08:37:40
U091,P019,rate,2026-04-07 18:06:27
U091,P073,click,2026-04-01 23:16:52
U092,P089,purchase,2026-04-05 07:55:12
U092,P084,click,2026-04-10 19:14:13
U092,P053,purchase,2026-04-10 22:28:06
U092,P047,view,2026-04-12 12:01:31
U092,P053,view,2026-04-17 22:47:26
U092,P045,view,2026-04-13 11:20:21
U092,P077,click,2026-04-12 21:53:19
U092,P039,add_to_cart,2026-04-01 22:46:18
U092,P084,view,2026-04-11 20:57:36
U092,P038,review,2026-04-09 20:22:02
U092,P012,click,2026-04-14 03:01:41
U092,P030,click,2026-04-15 06:47:46
U092,P010,add_to_cart,2026-04-06 01:04:03
U092,P004,view,2026-04-04 12:33:48
U092,P097,view,2026-04-05 05:32:10
U093,P013,review,2026-04-16 11:20:37
U093,P077,click,2026-04-11 08:47:11
U093,P012,view,2026-04-03 12:21:37
U093,P050,click,2026-04-06 10:35:14
U093,P050,view,2026-04-19 09:54:47
U093,P036,add_to_wishlist,2026-03-31 13:40:29
U093,P067,view,2026-04-07 11:17:05
U093,P050,add_to_cart,2026-04-08 08:10:25
U093,P092,review,2026-04-16 15:33:41
U093,P007,add_to_cart,2026-04-01 22:05:16
U094,P087,add_to_cart,2026-04-09 13:21:02
U094,P045,view,2026-04-05 05:50:59
U094,P014,click,2026-04-18 02:22:37
U094,P089,add_to_wishlist,2026-04-15 12:11:41
U094,P010,view,2026-04-08 21:44:45
U094,P057,add_to_cart,2026-04-09 01:23:03
U094,P041,view,2026-04-12 22:36:56
U094,P083,share,2026-04-15 22:04:27
U094,P100,click,2026-04-16 08:11:59
U094,P054,click,2026-04-13 22:10:03
U094,P067,rate,2026-04-16 04:13:11
U095,P008,rate,2026-04-18 00:24:28
U095,P083,view,2026-04-07 21:03:05
U095,P039,click,2026-04-03 04:25:42
U095,P090,click,2026-04-19 22:08:05
U095,P076,click,2026-04-18 02:53:38
U095,P046,view,2026-04-02 14:10:51
U095,P094,purchase,2026-04-06 04:52:48
U095,P083,click,2026-04-06 17:14:45
U095,P097,click,2026-04-05 12:19:04
U095,P081,click,2026-04-13 01:42:54
U095,P065,view,2026-04-11 17:46:07
U096,P047,click,2026-04-17 21:24:32
U096,P097,view,2026-04-09 13:51:48
U096,P071,click,2026-04-15 14:57:40
U096,P087,click,2026-04-06 01:48:21
U096,P017,click,2026-04-09 12:45:44
U096,P014,view,2026-04-15 02:50:31
U096,P010,click,2026-04-19 06:14:57
U096,P041,add_to_cart,2026-04-10 11:55:42
U096,P067,view,2026-04-11 21:34:19
U096,P051,click,2026-04-01 04:54:07
U096,P099,view,2026-04-09 17:05:33
U096,P040,view,2026-04-12 17:21:41
U096,P073,click,2026-04-15 15:57:44
U097,P057,view,2026-04-19 16:11:22
U097,P038,add_to_cart,2026-04-18 20:28:33
U097,P077,click,2026-04-18 09:08:00
U097,P012,view,2026-04-15 13:07:22
U097,P006,view,2026-04-19 22:47:35
U097,P041,add_to_cart,2026-04-03 13:50:58
U097,P010,view,2026-04-01 01:55:22
U097,P021,click,2026-04-06 02:26:48
U097,P042,click,2026-04-03 08:58:54
U097,P050,purchase,2026-03-31 15:35:53
U097,P003,view,2026-04-07 07:49:00
U097,P016,purchase,2026-04-05 19:15:56
U097,P083,click,2026-04-16 06:22:20
U097,P015,click,2026-04-04 08:04:11
U097,P011,view,2026-04-19 11:04:09
U098,P005,click,2026-04-15 18:07:53
U098,P036,view,2026-04-09 13:00:37
U098,P095,view,2026-03-31 17:16:12
U098,P046,add_to_cart,2026-04-13 23:29:03
U098,P036,add_to_cart,2026-04-13 23:40:27
U098,P015,click,2026-04-10 12:50:40
U098,P048,click,2026-04-19 11:59:57
U098,P040,view,2026-04-17 15:57:37
U099,P015,view,2026-04-10 15:31:29
U099,P099,view,2026-04-13 07:39:05
U099,P097,add_to_cart,2026-04-12 22:09:47
U099,P026,share,2026-04-05 17:36:55
U099,P053,view,2026-04-02 10:58:22
U099,P064,rate,2026-04-17 00:59:49
U099,P032,view,2026-04-18 06:20:43
U099,P067,click,2026-04-10 10:23:36
U099,P001,add_to_wishlist,2026-04-07 00:38:12
U099,P048,add_to_wishlist,2026-03-31 09:13:19
U100,P021,click,2026-04-07 05:16:38
U100,P040,add_to_wishlist,2026-04-02 22:17:01
U100,P001,add_to_wishlist,2026-04-01 11:00:39
U100,P090,view,2026-04-02 19:00:54
U100,P060,rate,2026-04-12 03:45:00
U100,P027,view,2026-04-19 18:10:01
U100,P041,click,2026-04-01 22:03:21
U100,P076,view,2026-04-08 00:14:01
U100,P060,add_to_cart,2026-04-14 11:02:21
U100,P075,view,2026-04-07 06:39:06
U100,P068,click,2026-04-17 09:11:00
U100,P079,add_to_wishlist,2026-04-15 06:20:19
U100,P043,add_to_wishlist,2026-04-19 13:46:30
U100,P033,view,2026-04-07 12:59:25
U101,P100,purchase,2026-04-14 06:20:05
U101,P076,add_to_wishlist,2026-04-18 21:36:36
U101,P024,view,2026-04-10 17:48:35
U101,P070,add_to_wishlist,2026-04-15 02:46:09
U101,P003,view,2026-04-10 13:50:44
U101,P019,view,2026-04-15 16:03:53
U101,P055,view,2026-04-15 01:58:01
U101,P076,add_to_cart,2026-04-03 17:57:22
U101,P042,purchase,2026-04-03 02:43:21
U102,P084,view,2026-04-16 14:27:58
U102,P066,view,2026-04-05 06:05:43
U102,P010,view,2026-04-10 13:51:55
U102,P050,add_to_wishlist,2026-04-03 19:17:44
U102,P027,share,2026-04-13 13:37:19
U102,P065,rate,2026-04-12 12:04:32
U102,P090,view,2026-04-02 00:35:25
U102,P005,click,2026-04-02 02:03:43
U102,P056,view,2026-04-19 13:38:49
U102,P071,view,2026-04-16 17:11:53
U102,P022,view,2026-04-14 03:12:16
U103,P049,view,2026-04-17 14:26:41
U103,P074,view,2026-04-16 18:02:18
U103,P014,click,2026-04-01 21:11:52
U103,P046,view,2026-04-14 11:21:25
U103,P001,add_to_cart,2026-04-14 13:25:28
U103,P012,view,2026-04-07 08:41:05
U103,P069,add_to_cart,2026-03-31 05:27:45
U103,P018,click,2026-04-11 03:46:43
U104,P090,add_to_cart,2026-04-08 12:32:03
U104,P031,purchase,2026-04-04 22:18:50
U104,P043,add_to_wishlist,2026-04-03 22:52:17
U104,P037,view,2026-04-03 05:35:21
U104,P090,click,2026-04-06 17:38:54
U104,P019,rate,2026-04-09 21:13:23
U104,P076,click,2026-04-03 09:20:41
U104,P010,click,2026-04-19 09:14:51
U104,P009,view,2026-04-13 05:17:12
U104,P069,click,2026-04-18 01:19:23
U104,P085,review,2026-04-02 17:01:16
U104,P073,add_to_cart,2026-04-06 05:20:48
U104,P046,rate,2026-03-31 12:07:13
U104,P028,click,2026-04-08 13:26:05
U105,P076,click,2026-04-10 15:38:06
U105,P038,view,2026-04-17 19:19:33
U105,P011,click,2026-04-12 02:32:25
U105,P006,add_to_cart,2026-04-11 11:55:42
U105,P005,add_to_cart,2026-04-19 16:26:29
U105,P067,review,2026-04-18 01:59:46
U105,P054,click,2026-04-07 22:49:06
U105,P050,view,2026-04-09 05:01:57
U105,P088,click,2026-04-11 09:09:07
U105,P011,view,2026-04-05 00:11:24
U105,P033,view,2026-04-05 23:29:56
U106,P061,click,2026-04-13 17:02:13
U106,P093,click,2026-04-17 15:31:23
U106,P005,view,2026-04-15 16:53:50
U106,P022,add_to_wishlist,2026-04-14 03:29:24
U106,P012,purchase,2026-03-31 09:23:35
U106,P039,add_to_cart,2026-04-05 22:39:33
U106,P007,add_to_wishlist,2026-04-13 04:01:36
U106,P047,view,2026-04-12 01:14:48
U106,P063,add_to_cart,2026-04-09 11:59:59
U107,P070,review,2026-04-15 06:22:54
U107,P055,view,2026-04-15 17:38:33
U107,P065,click,2026-04-17 06:01:05
U107,P071,add_to_cart,2026-04-13 02:06:14
U107,P084,view,2026-04-18 02:58:52
U107,P037,add_to_wishlist,2026-04-08 19:42:45
U107,P025,click,2026-04-17 21:42:41
U107,P091,click,2026-04-13 03:26:43
U107,P086,click,2026-04-02 20:36:37
U107,P043,add_to_wishlist,2026-04-02 22:26:44
U107,P035,click,2026-04-02 09:39:17
U108,P090,view,2026-04-14 00:51:43
U108,P070,click,2026-04-01 17:07:28
U108,P030,view,2026-04-02 08:27:53
U108,P066,review,2026-04-14 01:24:23
U108,P060,click,2026-04-11 05:55:14
U108,P028,click,2026-04-15 09:58:53
U108,P052,click,2026-04-13 05:49:36
U108,P003,view,2026-04-01 07:55:00
U109,P038,click,2026-04-04 04:01:29
U109,P076,add_to_wishlist,2026-04-12 11:02:46
U109,P027,click,2026-03-31 12:43:34
U109,P058,add_to_wishlist,2026-04-14 00:44:58
U109,P041,click,2026-04-15 20:30:30
U109,P060,click,2026-04-14 22:04:50
U109,P050,click,2026-04-07 06:18:06
U109,P077,click,2026-04-17 23:25:49
U109,P055,view,2026-04-13 01:00:29
U109,P084,share,2026-04-10 19:15:46
U109,P058,view,2026-04-03 04:25:51
U109,P075,add_to_wishlist,2026-04-16 14:23:00
U109,P086,view,2026-04-09 13:33:42
U109,P067,view,2026-04-18 06:29:10
U109,P049,view,2026-04-12 09:39:12
U110,P042,add_to_cart,2026-04-16 02:13:56
U110,P080,add_to_cart,2026-04-10 05:09:46
U110,P072,view,2026-04-10 07:41:02
U110,P038,click,2026-04-15 13:02:16
U110,P024,rate,2026-04-03 01:27:59
U110,P035,click,2026-04-09 13:08:26
U110,P051,add_to_cart,2026-04-09 09:27:11
U110,P027,click,2026-04-06 08:50:06
U110,P099,add_to_cart,2026-04-19 00:24:56
U110,P089,add_to_cart,2026-03-31 21:30:44
U110,P090,view,2026-03-31 14:23:24
U111,P093,click,2026-04-03 10:10:12
U111,P032,add_to_cart,2026-04-12 02:25:33
U111,P041,view,2026-04-13 19:26:45
U111,P076,view,2026-04-13 12:52:24
U111,P042,click,2026-04-01 18:57:53
U111,P050,purchase,2026-04-04 11:25:37
U111,P071,view,2026-04-14 14:58:48
U111,P013,click,2026-04-11 14:43:09
U111,P075,view,2026-04-17 02:26:58
U111,P002,view,2026-04-11 05:00:01
U111,P100,view,2026-04-13 08:04:01
U111,P053,rate,2026-04-04 22:21:55
U112,P087,add_to_wishlist,2026-04-03 20:08:40
U112,P093,click,2026-04-12 21:40:13
U112,P098,view,2026-04-03 17:52:17
U112,P064,add_to_cart,2026-04-19 18:52:06
U112,P055,view,2026-04-03 08:27:37
U112,P056,click,2026-04-06 16:35:14
U112,P058,click,2026-04-19 22:32:34
U112,P071,share,2026-04-08 22:40:52
U112,P023,click,2026-04-16 04:35:38
U112,P037,click,2026-04-17 06:22:39
U112,P038,purchase,2026-04-14 02:10:07
U112,P076,view,2026-04-18 21:54:09
U113,P034,view,2026-04-14 06:07:13
U113,P097,purchase,2026-04-17 09:04:20
U113,P061,view,2026-04-15 16:22:15
U113,P047,click,2026-04-18 12:25:44
U113,P063,view,2026-04-10 23:39:11
U113,P011,click,2026-04-05 22:00:41
U113,P066,view,2026-04-06 15:54:25
U113,P037,click,2026-04-16 21:46:20
U113,P005,view,2026-04-04 16:54:19
U113,P047,add_to_cart,2026-04-08 18:35:10
U114,P073,purchase,2026-04-10 07:17:04
U114,P024,view,2026-04-11 17:37:15
U114,P032,click,2026-04-10 08:05:18
U114,P049,add_to_cart,2026-04-03 21:48:56
U114,P087,view,2026-04-07 23:32:05
U114,P095,add_to_cart,2026-04-01 10:40:03
U114,P094,review,2026-04-03 20:23:11
U114,P020,add_to_cart,2026-04-11 23:53:12
U114,P041,click,2026-04-15 13:21:11
U114,P065,click,2026-04-16 20:45:34
U115,P001,view,2026-04-11 11:30:06
U115,P033,view,2026-04-03 11:03:36
U115,P024,view,2026-04-14 20:03:26
U115,P063,view,2026-04-07 17:07:28
U115,P046,click,2026-04-18 09:08:32
U115,P029,add_to_cart,2026-04-06 02:28:27
U115,P074,add_to_cart,2026-04-03 18:27:18
U115,P012,review,2026-04-15 06:41:30
U115,P068,click,2026-04-18 01:35:07
U115,P050,click,2026-04-19 10:58:19
U115,P069,rate,2026-04-10 01:11:08
U115,P041,click,2026-04-05 00:40:13
U116,P076,view,2026-04-01 01:45:45
U116,P018,add_to_cart,2026-04-18 15:24:55
U116,P039,view,2026-04-03 06:17:45
U116,P031,add_to_wishlist,2026-04-15 12:21:14
U116,P081,click,2026-04-17 05:43:00
U116,P005,click,2026-04-02 03:25:59
U116,P071,add_to_wishlist,2026-04-15 21:22:33
U116,P042,add_to_wishlist,2026-04-17 21:49:01
U116,P064,add_to_wishlist,2026-04-16 13:07:47
U116,P033,click,2026-04-08 13:09:59
U117,P032,click,2026-04-09 03:47:24
U117,P015,click,2026-04-03 06:30:44
U117,P021,view,2026-04-11 08:17:52
U117,P094,click,2026-04-02 21:34:02
U117,P020,rate,2026-04-01 00:19:10
U117,P089,view,2026-04-07 11:25:31
U117,P055,view,2026-04-13 01:28:17
U117,P051,add_to_cart,2026-04-17 02:25:23
U117,P023,click,2026-04-12 07:21:23
U117,P060,view,2026-04-11 09:08:42
U117,P036,view,2026-04-06 09:19:36
U118,P001,add_to_cart,2026-04-11 13:34:33
U118,P039,click,2026-04-03 05:53:49
U118,P021,add_to_cart,2026-04-03 11:48:49
U118,P070,add_to_cart,2026-04-08 15:23:23
U118,P035,view,2026-04-06 06:57:11
U118,P084,click,2026-04-06 13:48:41
U118,P077,view,2026-04-09 07:16:36
U118,P078,view,2026-04-07 00:17:55
U118,P061,view,2026-04-15 11:46:01
U118,P025,click,2026-04-05 02:40:21
U119,P067,view,2026-04-05 21:07:24
U119,P036,add_to_cart,2026-04-07 21:03:23
U119,P066,view,2026-04-08 06:27:44
U119,P004,view,2026-04-08 06:36:43
U119,P035,view,2026-04-02 07:19:55
U119,P010,click,2026-04-18 19:41:57
U119,P041,view,2026-04-09 14:12:03
U119,P065,click,2026-04-06 03:34:48
U119,P092,add_to_cart,2026-04-02 18:38:17
U119,P098,view,2026-04-09 06:23:33
U119,P063,view,2026-04-06 15:29:33
U119,P074,view,2026-04-10 01:28:18
U119,P024,view,2026-04-09 12:21:20
U119,P053,review,2026-04-08 01:11:38
U119,P035,view,2026-04-18 18:04:49
U120,P094,click,2026-04-07 18:27:34
U120,P069,view,2026-04-19 14:25:16
U120,P012,view,2026-04-06 21:03:37
U120,P031,add_to_wishlist,2026-03-31 14:29:44
U120,P004,click,2026-04-07 04:03:25
U120,P056,purchase,2026-04-17 02:19:07
U120,P060,review,2026-04-16 21:59:21
U120,P009,add_to_wishlist,2026-04-08 05:21:31
U120,P072,add_to_cart,2026-03-31 08:14:51
U120,P052,review,2026-04-07 02:05:19
U120,P042,view,2026-04-19 19:17:44
U120,P092,rate,2026-04-08 04:24:46
U120,P091,click,2026-04-17 17:19:30
U121,P068,click,2026-04-15 22:56:50
U121,P005,view,2026-04-11 13:15:04
U121,P069,view,2026-04-08 09:04:43
U121,P038,add_to_cart,2026-04-05 05:24:38
U121,P087,review,2026-04-03 02:29:24
U121,P010,review,2026-04-06 15:43:06
U121,P098,view,2026-04-03 06:15:01
U121,P037,add_to_wishlist,2026-04-16 18:37:40
U121,P034,review,2026-04-09 08:35:07
U121,P087,view,2026-04-04 20:32:49
U121,P089,view,2026-04-13 09:16:00
U121,P073,click,2026-04-11 04:59:43
U121,P067,view,2026-04-04 14:18:30
U122,P004,view,2026-04-11 02:13:17
U122,P011,view,2026-04-08 14:13:32
U122,P009,view,2026-04-17 13:54:49
U122,P024,click,2026-04-17 00:45:34
U122,P011,click,2026-04-18 02:30:32
U122,P060,view,2026-04-02 11:05:43
U122,P062,add_to_cart,2026-04-17 23:31:51
U122,P069,view,2026-03-31 01:11:28
U122,P010,view,2026-04-09 04:13:02
U122,P053,view,2026-04-04 04:50:50
U122,P052,view,2026-04-03 22:46:15
U123,P058,view,2026-04-17 21:55:38
U123,P088,add_to_wishlist,2026-03-31 06:22:08
U123,P029,click,2026-04-05 05:24:40
U123,P074,add_to_cart,2026-04-06 14:57:38
U123,P034,add_to_wishlist,2026-04-09 04:12:15
U123,P045,share,2026-04-12 01:08:59
U123,P083,purchase,2026-04-02 07:14:30
U123,P038,add_to_cart,2026-04-10 07:57:57
U123,P063,purchase,2026-03-31 16:39:03
U123,P042,add_to_cart,2026-04-01 22:23:12
U123,P025,add_to_cart,2026-04-17 14:13:29
U123,P048,view,2026-04-04 07:50:57
U123,P066,view,2026-04-07 10:50:21
U123,P023,view,2026-03-31 18:13:29
U123,P054,add_to_wishlist,2026-04-16 03:05:08
U124,P081,click,2026-04-05 19:38:45
U124,P081,view,2026-04-13 09:09:46
U124,P071,view,2026-04-11 03:17:11
U124,P098,purchase,2026-03-31 13:18:29
U124,P086,add_to_wishlist,2026-04-01 11:06:06
U124,P018,click,2026-04-13 19:04:12
U124,P045,click,2026-04-12 21:44:12
U124,P008,view,2026-04-06 22:00:33
U125,P001,view,2026-04-02 09:27:44
U125,P091,click,2026-04-08 04:05:31
U125,P033,review,2026-04-08 02:45:03
U125,P049,view,2026-04-16 00:11:39
U125,P062,add_to_cart,2026-04-01 10:40:11
U125,P093,click,2026-04-03 05:37:08
U125,P020,click,2026-04-10 13:08:18
U125,P046,view,2026-04-03 13:24:49
U125,P018,view,2026-04-18 22:06:56
U125,P043,click,2026-04-14 16:17:36
U125,P021,add_to_wishlist,2026-04-18 22:31:44
U125,P017,review,2026-04-03 14:57:18
U125,P070,click,2026-04-18 10:50:17
U126,P085,view,2026-04-19 22:06:21
U126,P064,view,2026-04-15 10:14:28
U126,P070,click,2026-04-09 16:26:53
U126,P062,review,2026-04-13 11:46:05
U126,P037,view,2026-04-08 00:14:29
U126,P016,view,2026-04-14 21:48:54
U126,P057,click,2026-04-11 08:27:19
U126,P067,click,2026-04-02 06:09:15
U126,P010,view,2026-04-11 16:49:36
U126,P036,add_to_cart,2026-04-10 02:43:07
U126,P095,add_to_cart,2026-04-01 12:08:14
U126,P004,click,2026-04-10 23:49:27
U126,P055,view,2026-04-08 18:02:49
U126,P061,click,2026-04-01 12:26:10
U126,P019,click,2026-04-16 08:50:59
U127,P003,click,2026-04-15 19:08:50
U127,P031,view,2026-03-31 07:15:15
U127,P080,view,2026-04-10 01:21:24
U127,P077,add_to_wishlist,2026-04-13 15:02:05
U127,P090,view,2026-04-02 05:34:11
U127,P015,share,2026-04-17 22:48:17
U127,P075,view,2026-04-06 22:23:50
U127,P080,view,2026-04-10 03:34:48
U127,P027,view,2026-04-07 12:13:26
U127,P007,click,2026-04-11 17:20:12
U127,P070,click,2026-04-18 13:28:41
U127,P005,view,2026-04-05 17:39:44
U127,P100,click,2026-04-09 22:12:43
U127,P090,click,2026-04-16 22:02:56
U127,P042,add_to_cart,2026-04-06 06:23:11
U128,P057,view,2026-04-14 03:21:42
U128,P091,click,2026-04-16 10:28:17
U128,P096,purchase,2026-04-03 05:52:27
U128,P096,view,2026-04-09 18:13:09
U128,P083,add_to_cart,2026-04-18 11:54:40
U128,P059,click,2026-04-04 11:50:48
U128,P020,add_to_cart,2026-04-14 21:11:55
U128,P090,click,2026-04-17 06:44:14
U128,P083,click,2026-04-12 22:27:29
U128,P091,click,2026-04-06 07:22:50
U128,P019,view,2026-04-17 08:28:15
U128,P027,click,2026-04-03 13:17:30
U129,P034,view,2026-04-14 04:39:58
U129,P060,view,2026-04-19 17:56:21
U129,P041,click,2026-04-09 10:53:34
U129,P006,view,2026-03-31 01:12:06
U129,P090,click,2026-04-19 23:21:22
U129,P056,view,2026-04-10 15:51:55
U129,P053,click,2026-04-01 03:17:06
U129,P047,click,2026-04-07 03:35:29
U129,P017,view,2026-04-10 07:47:20
U129,P022,click,2026-04-13 18:09:54
U129,P069,view,2026-04-08 00:02:13
U129,P049,view,2026-04-15 22:10:40
U130,P060,add_to_cart,2026-04-19 21:02:57
U130,P094,add_to_wishlist,2026-04-10 00:53:36
U130,P081,click,2026-04-01 09:33:52
U130,P039,click,2026-04-05 21:55:31
U130,P029,view,2026-04-19 08:08:55
U130,P072,rate,2026-04-13 20:54:56
U130,P032,add_to_wishlist,2026-04-12 22:40:04
U130,P021,click,2026-04-09 22:13:48
U130,P078,add_to_wishlist,2026-04-04 12:23:25
U130,P080,click,2026-04-18 09:58:45
U130,P013,click,2026-04-09 17:31:17
U130,P077,purchase,2026-04-02 06:10:52
U130,P021,view,2026-04-09 02:04:51
U130,P092,view,2026-04-17 09:16:07
U131,P051,click,2026-04-12 08:22:46
U131,P054,click,2026-04-05 13:38:47
U131,P054,view,2026-04-17 05:30:46
U131,P023,click,2026-04-10 14:25:47
U131,P019,click,2026-04-19 12:10:54
U131,P086,view,2026-04-04 18:05:12
U131,P093,click,2026-04-09 12:11:19
U131,P077,view,2026-04-05 15:06:21
U132,P010,view,2026-04-15 11:17:50
U132,P058,rate,2026-04-18 12:08:22
U132,P085,add_to_cart,2026-04-17 09:23:50
U132,P075,view,2026-04-10 15:59:54
U132,P091,add_to_cart,2026-04-17 13:00:07
U132,P038,view,2026-04-16 19:54:42
U132,P048,click,2026-04-10 18:02:18
U132,P100,click,2026-04-19 07:23:19
U132,P025,review,2026-04-10 20:49:02
U133,P028,purchase,2026-04-05 17:53:10
U133,P027,view,2026-04-11 00:08:11
U133,P098,view,2026-04-06 13:07:57
U133,P035,review,2026-04-13 08:25:30
U133,P029,click,2026-04-16 11:50:28
U133,P095,view,2026-04-15 17:16:52
U133,P094,add_to_wishlist,2026-04-04 06:07:00
U133,P045,click,2026-04-17 23:15:28
U133,P084,review,2026-04-03 16:24:12
U133,P069,view,2026-04-06 21:43:27
U133,P094,add_to_cart,2026-04-12 14:58:55
U133,P058,add_to_cart,2026-04-19 18:13:01
U133,P037,click,2026-04-03 08:28:04
U133,P068,add_to_wishlist,2026-04-13 20:23:44
U134,P059,add_to_cart,2026-04-10 12:41:12
U134,P086,view,2026-04-07 11:18:32
U134,P026,view,2026-04-07 06:58:35
U134,P007,click,2026-04-17 23:28:41
U134,P037,rate,2026-04-10 04:41:55
U134,P007,view,2026-04-12 19:02:00
U134,P098,add_to_cart,2026-04-03 22:21:14
U134,P054,view,2026-04-02 00:33:40
U134,P094,add_to_cart,2026-04-10 18:45:50
U135,P022,rate,2026-04-11 03:13:27
U135,P013,add_to_cart,2026-04-17 10:14:21
U135,P037,view,2026-04-12 10:31:54
U135,P088,add_to_cart,2026-04-08 20:53:39
U135,P057,purchase,2026-04-19 08:57:37
U135,P012,click,2026-04-19 08:53:23
U135,P077,add_to_cart,2026-04-15 13:41:56
U135,P043,add_to_cart,2026-04-06 15:04:55
U135,P096,view,2026-04-16 01:08:06
U135,P077,view,2026-04-12 21:06:48
U135,P094,add_to_cart,2026-04-14 06:35:45
U136,P051,review,2026-04-17 03:48:06
U136,P016,click,2026-04-06 11:18:08
U136,P039,view,2026-04-03 23:55:02
U136,P051,view,2026-04-02 17:38:33
U136,P002,view,2026-04-13 20:25:05
U136,P054,view,2026-04-08 07:16:46
U136,P016,add_to_cart,2026-04-08 18:44:59
U136,P061,click,2026-04-04 19:20:13
U136,P038,click,2026-04-09 21:11:40
U136,P097,add_to_cart,2026-04-13 18:04:46
U137,P015,review,2026-04-08 15:52:59
U137,P024,click,2026-04-12 22:17:04
U137,P088,add_to_cart,2026-04-05 21:12:20
U137,P047,view,2026-04-04 19:35:48
U137,P045,view,2026-04-02 07:24:43
U137,P098,purchase,2026-04-04 12:32:07
U137,P002,view,2026-04-13 22:51:38
U137,P043,click,2026-03-31 14:54:59
U137,P020,add_to_wishlist,2026-04-04 18:06:49
U137,P053,purchase,2026-04-12 20:57:41
U137,P071,add_to_wishlist,2026-04-19 11:43:21
U137,P041,view,2026-04-05 22:49:05
U137,P007,purchase,2026-04-11 02:29:27
U137,P030,view,2026-04-04 13:19:08
U138,P038,add_to_cart,2026-04-19 06:56:00
U138,P069,view,2026-04-05 00:42:34
U138,P064,purchase,2026-04-03 15:20:32
U138,P070,add_to_wishlist,2026-04-01 12:35:23
U138,P026,click,2026-03-31 14:13:15
U138,P001,click,2026-04-09 07:00:19
U138,P093,share,2026-03-31 11:27:09
U138,P066,review,2026-04-19 16:59:30
U138,P086,add_to_cart,2026-04-07 05:50:40
U138,P026,view,2026-04-19 19:29:28
U138,P086,add_to_cart,2026-04-01 18:44:01
U138,P082,view,2026-04-03 04:11:38
U139,P082,rate,2026-04-09 22:40:20
U139,P033,add_to_cart,2026-04-08 21:25:40
U139,P055,add_to_cart,2026-04-02 18:25:49
U139,P009,click,2026-04-13 08:12:37
U139,P050,view,2026-04-01 19:52:49
U139,P086,add_to_cart,2026-04-13 08:19:36
U139,P033,view,2026-04-03 12:31:58
U139,P087,add_to_cart,2026-04-07 07:25:25
U139,P007,click,2026-04-07 22:13:11
U139,P061,view,2026-04-11 07:49:45
U139,P091,add_to_cart,2026-04-05 22:04:44
U139,P073,review,2026-04-02 22:25:12
U139,P033,review,2026-04-19 19:43:06
U139,P032,view,2026-04-17 15:26:47
U139,P061,click,2026-04-02 14:41:02
U140,P095,add_to_wishlist,2026-04-13 06:52:01
U140,P067,view,2026-04-01 05:48:46
U140,P009,click,2026-04-17 18:36:26
U140,P029,add_to_cart,2026-04-18 06:13:09
U140,P087,add_to_cart,2026-04-11 16:11:01
U140,P084,click,2026-04-18 06:41:19
U140,P082,click,2026-04-06 10:51:26
U140,P014,view,2026-04-13 15:45:48
U140,P088,click,2026-04-03 22:13:04
U140,P085,view,2026-04-18 20:48:05
U140,P054,add_to_cart,2026-04-15 19:45:56
U141,P014,add_to_cart,2026-04-03 10:28:36
U141,P062,add_to_wishlist,2026-04-19 15:13:49
U141,P089,view,2026-04-15 23:02:18
U141,P077,share,2026-04-18 22:22:17
U141,P055,view,2026-04-13 05:37:29
U141,P066,click,2026-04-02 22:03:55
U141,P007,review,2026-04-08 03:15:42
U141,P004,view,2026-04-09 23:32:48
U141,P092,add_to_cart,2026-04-05 02:28:02
U141,P029,rate,2026-04-01 17:58:02
U141,P042,click,2026-04-13 19:25:08
U141,P032,add_to_wishlist,2026-04-19 19:46:03
U142,P057,add_to_cart,2026-04-15 18:55:26
U142,P014,review,2026-04-07 14:57:33
U142,P100,add_to_cart,2026-04-01 21:05:26
U142,P041,view,2026-04-19 21:23:43
U142,P076,view,2026-03-31 03:27:01
U142,P017,view,2026-04-15 18:35:24
U142,P050,view,2026-04-10 22:42:52
U142,P097,add_to_cart,2026-04-13 14:02:19
U142,P087,view,2026-04-02 12:49:09
U142,P004,click,2026-04-16 02:24:37
U142,P092,view,2026-03-31 04:00:19
U142,P011,review,2026-04-02 10:02:44
U143,P065,view,2026-03-31 06:52:40
U143,P053,add_to_cart,2026-04-03 10:02:42
U143,P030,add_to_wishlist,2026-04-13 18:58:10
U143,P012,view,2026-04-15 17:24:20
U143,P066,review,2026-04-14 21:30:55
U143,P099,review,2026-04-01 07:13:57
U143,P058,view,2026-04-09 03:04:24
U143,P046,view,2026-03-31 12:58:40
U143,P094,view,2026-04-16 09:26:04
U143,P068,click,2026-04-11 13:06:49
U143,P013,purchase,2026-04-11 05:06:11
U143,P031,add_to_cart,2026-04-14 04:42:57
U143,P054,click,2026-04-09 10:40:34
U143,P003,view,2026-04-10 01:09:14
U144,P035,view,2026-04-05 06:28:00
U144,P088,share,2026-04-12 01:41:13
U144,P076,view,2026-04-16 17:51:06
U144,P088,share,2026-04-17 01:58:06
U144,P031,add_to_wishlist,2026-04-13 20:56:23
U144,P071,add_to_cart,2026-04-17 16:04:16
U144,P025,review,2026-04-04 06:11:30
U144,P038,rate,2026-04-04 16:07:44
U144,P075,click,2026-04-18 10:29:49
U144,P068,add_to_wishlist,2026-04-16 22:31:02
U144,P058,click,2026-04-05 16:14:45
U145,P011,view,2026-04-03 12:55:10
U145,P047,view,2026-04-05 00:51:19
U145,P053,add_to_cart,2026-04-13 01:28:47
U145,P100,add_to_wishlist,2026-04-07 01:26:02
U145,P040,review,2026-04-19 17:25:20
U145,P075,view,2026-04-18 07:53:32
U145,P082,click,2026-04-01 01:15:27
U145,P035,view,2026-04-07 18:09:52
U145,P057,rate,2026-04-02 12:54:30
U145,P011,add_to_cart,2026-04-03 02:16:51
U145,P022,click,2026-04-07 22:06:03
U146,P095,add_to_cart,2026-04-13 08:36:26
U146,P091,view,2026-04-06 03:16:44
U146,P071,view,2026-04-07 00:57:14
U146,P059,add_to_wishlist,2026-04-03 05:16:16
U146,P010,view,2026-04-01 16:54:23
U146,P047,add_to_cart,2026-04-05 19:53:54
U146,P049,view,2026-04-12 22:46:24
U146,P057,add_to_wishlist,2026-04-01 07:26:02
U146,P031,click,2026-03-31 05:18:50
U146,P021,view,2026-04-08 16:30:36
U146,P080,view,2026-04-15 13:27:18
U147,P029,click,2026-04-02 23:36:36
U147,P047,add_to_cart,2026-04-06 16:20:25
U147,P001,review,2026-04-02 22:47:57
U147,P091,add_to_wishlist,2026-04-07 08:23:03
U147,P006,add_to_wishlist,2026-04-06 23:16:36
U147,P085,click,2026-04-15 14:30:49
U147,P075,view,2026-04-05 05:23:54
U147,P007,purchase,2026-04-07 04:46:40
U147,P008,click,2026-04-11 19:03:55
U147,P038,click,2026-04-07 14:22:26
U147,P032,view,2026-04-04 17:55:29
U147,P088,view,2026-04-01 08:00:54
U148,P096,view,2026-04-01 07:36:35
U148,P096,view,2026-04-05 03:37:10
U148,P053,add_to_wishlist,2026-04-07 17:27:40
U148,P041,rate,2026-04-15 04:06:43
U148,P048,add_to_cart,2026-04-04 14:21:21
U148,P067,click,2026-04-09 00:42:43
U148,P069,view,2026-03-31 18:39:53
U148,P042,add_to_cart,2026-04-08 19:54:09
U148,P070,rate,2026-04-02 13:17:20
U148,P039,purchase,2026-04-06 09:15:18
U148,P023,add_to_cart,2026-04-08 13:19:06
U148,P025,view,2026-04-15 10:32:26
U148,P027,click,2026-04-04 21:10:22
U148,P043,click,2026-04-11 00:39:27
U148,P034,click,2026-04-06 22:54:03
U149,P047,rate,2026-04-08 09:27:10
U149,P057,click,2026-04-14 10:00:59
U149,P036,view,2026-04-17 02:43:42
U149,P089,add_to_cart,2026-04-12 00:15:01
U149,P010,view,2026-04-06 00:20:33
U149,P074,click,2026-04-08 23:05:13
U149,P061,review,2026-04-17 12:51:42
U149,P097,add_to_cart,2026-04-11 21:58:34
U149,P004,add_to_wishlist,2026-04-10 15:51:42
U149,P077,view,2026-04-05 08:24:39
U149,P009,view,2026-03-31 11:32:15
U149,P086,view,2026-04-06 06:23:03
U149,P088,click,2026-04-01 15:24:30
U150,P014,rate,2026-04-15 03:19:13
U150,P081,view,2026-04-03 07:58:02
U150,P086,view,2026-04-15 03:09:00
U150,P082,review,2026-04-18 00:00:13
U150,P001,click,2026-04-15 21:45:51
U150,P004,add_to_wishlist,2026-04-13 13:00:34
U150,P015,rate,2026-04-13 00:13:51
U150,P036,add_to_cart,2026-04-06 15:50:10
U151,P033,add_to_cart,2026-04-11 15:10:19
U151,P011,click,2026-04-17 06:35:52
U151,P063,click,2026-04-17 02:20:54
U151,P043,click,2026-04-15 04:08:47
U151,P023,view,2026-04-11 09:46:45
U151,P070,add_to_cart,2026-04-02 14:36:15
U151,P041,view,2026-04-11 20:49:36
U151,P041,click,2026-04-02 03:32:38
U151,P091,click,2026-03-31 08:21:27
U151,P026,click,2026-04-16 20:47:48
U151,P057,add_to_cart,2026-04-06 01:19:30
U152,P095,view,2026-03-31 23:29:48
U152,P034,view,2026-04-12 10:32:56
U152,P014,add_to_wishlist,2026-04-13 08:10:04
U152,P091,view,2026-04-03 03:49:37
U152,P039,click,2026-04-16 19:34:53
U152,P020,click,2026-04-11 11:30:04
U152,P023,add_to_cart,2026-04-12 19:53:58
U152,P005,click,2026-04-01 00:38:10
U152,P084,click,2026-04-03 01:57:27
U152,P055,view,2026-04-02 03:15:22
U152,P023,view,2026-04-18 23:46:10
U152,P084,view,2026-04-16 09:07:45
U152,P002,view,2026-04-06 23:12:52
U152,P009,view,2026-04-15 13:59:53
U152,P099,click,2026-04-01 07:29:10
U153,P098,view,2026-04-17 03:26:52
U153,P083,add_to_cart,2026-04-10 09:51:39
U153,P052,rate,2026-04-08 16:15:56
U153,P008,click,2026-04-04 10:50:50
U153,P100,view,2026-04-19 04:41:33
U153,P098,click,2026-04-10 07:02:36
U153,P098,click,2026-04-06 22:14:54
U153,P061,click,2026-04-01 14:22:38
U153,P078,view,2026-04-13 21:15:58
U153,P077,click,2026-03-31 01:48:00
U153,P095,add_to_wishlist,2026-04-15 16:20:54
U153,P032,view,2026-04-03 19:35:00
U153,P069,click,2026-04-14 01:03:55
U153,P059,view,2026-04-02 23:11:12
U154,P089,view,2026-04-07 15:25:42
U154,P008,click,2026-04-17 10:15:39
U154,P016,click,2026-04-10 20:38:28
U154,P036,view,2026-04-01 23:13:12
U154,P087,rate,2026-04-11 04:39:20
U154,P057,add_to_cart,2026-04-12 21:53:33
U154,P013,add_to_wishlist,2026-04-17 09:58:24
U154,P060,add_to_cart,2026-04-17 11:14:02
U154,P038,add_to_wishlist,2026-04-19 12:54:12
U154,P050,purchase,2026-04-04 16:33:53
U154,P077,view,2026-04-03 02:48:15
U154,P087,click,2026-04-14 06:54:03
U155,P086,add_to_wishlist,2026-04-09 13:43:17
U155,P022,view,2026-04-11 15:41:43
U155,P039,add_to_cart,2026-04-05 18:26:43
U155,P060,view,2026-04-08 02:45:46
U155,P092,click,2026-04-02 23:01:31
U155,P012,add_to_cart,2026-04-11 21:43:49
U155,P043,add_to_wishlist,2026-03-31 05:06:29
U155,P019,add_to_cart,2026-04-16 10:09:58
U155,P062,view,2026-04-16 16:57:04
U155,P054,view,2026-04-15 18:36:25
U155,P079,view,2026-03-31 08:01:19
U155,P096,view,2026-04-18 09:04:15
U155,P090,view,2026-04-04 12:19:35
U155,P007,purchase,2026-04-18 11:19:52
U155,P064,add_to_cart,2026-04-04 21:00:39
U156,P019,purchase,2026-04-02 18:06:51
U156,P062,click,2026-04-07 10:32:28
U156,P039,view,2026-04-03 13:24:59
U156,P018,add_to_wishlist,2026-04-14 03:37:46
U156,P068,view,2026-04-15 10:59:35
U156,P067,view,2026-04-05 02:18:15
U156,P062,view,2026-04-03 21:55:33
U156,P098,view,2026-04-12 18:15:42
U156,P014,share,2026-04-06 01:57:56
U156,P038,add_to_cart,2026-04-01 10:10:55
U156,P041,add_to_cart,2026-04-08 04:53:24
U156,P033,view,2026-03-31 18:25:04
U156,P087,view,2026-04-10 01:20:18
U156,P065,review,2026-04-12 13:18:08
U157,P080,view,2026-04-08 20:53:53
U157,P019,click,2026-04-16 13:10:14
U157,P016,review,2026-04-17 15:11:57
U157,P005,view,2026-04-18 20:48:09
U157,P048,purchase,2026-04-01 07:05:50
U157,P085,view,2026-04-13 06:15:40
U157,P026,view,2026-04-13 14:12:22
U157,P080,view,2026-04-08 13:05:46
U157,P038,click,2026-04-06 11:36:54
U158,P032,add_to_wishlist,2026-04-08 03:44:43
U158,P057,add_to_cart,2026-04-05 23:55:20
U158,P078,add_to_wishlist,2026-04-13 17:30:24
U158,P042,view,2026-04-17 13:19:23
U158,P073,add_to_cart,2026-04-17 16:01:25
U158,P050,view,2026-04-11 12:53:27
U158,P037,add_to_wishlist,2026-04-07 17:59:48
U158,P015,purchase,2026-04-12 21:23:35
U158,P017,view,2026-04-08 20:18:07
U158,P013,click,2026-04-16 21:43:40
U158,P014,view,2026-04-15 07:11:51
U158,P028,share,2026-03-31 05:50:02
U158,P078,click,2026-04-09 20:50:01
U159,P033,share,2026-03-31 07:52:58
U159,P019,click,2026-04-06 08:30:53
U159,P014,add_to_wishlist,2026-04-07 00:01:00
U159,P073,view,2026-04-04 18:01:23
U159,P098,view,2026-04-12 04:19:34
U159,P096,click,2026-04-07 06:30:23
U159,P018,view,2026-04-03 04:28:06
U159,P052,rate,2026-04-06 00:50:55
U160,P031,add_to_wishlist,2026-04-15 00:53:28
U160,P094,add_to_cart,2026-03-31 20:23:19
U160,P013,review,2026-03-31 18:34:27
U160,P072,click,2026-04-02 11:08:46
U160,P024,view,2026-04-11 21:01:08
U160,P020,add_to_cart,2026-04-17 02:23:46
U160,P084,click,2026-04-10 03:18:39
U160,P037,add_to_cart,2026-04-02 12:12:50
U161,P045,view,2026-04-07 09:51:47
U161,P018,add_to_wishlist,2026-04-05 10:43:50
U161,P004,view,2026-04-18 20:39:00
U161,P091,view,2026-04-09 12:43:27
U161,P096,view,2026-04-03 13:39:33
U161,P033,view,2026-04-11 01:05:29
U161,P031,view,2026-04-06 22:13:08
U161,P040,click,2026-04-14 09:38:24
U161,P007,click,2026-04-08 18:13:03
U161,P100,add_to_cart,2026-04-05 09:32:57
U161,P050,add_to_cart,2026-04-12 06:55:12
U161,P019,view,2026-04-18 22:59:14
U162,P072,view,2026-04-13 13:14:42
U162,P063,view,2026-04-18 14:15:43
U162,P072,add_to_cart,2026-04-07 05:52:11
U162,P073,view,2026-04-19 01:24:20
U162,P004,add_to_cart,2026-04-14 16:17:43
U162,P079,click,2026-04-04 18:42:32
U162,P045,view,2026-04-09 05:15:05
U162,P066,add_to_cart,2026-04-01 01:04:55
U162,P089,view,2026-04-11 17:33:44
U162,P072,add_to_wishlist,2026-04-11 19:31:04
U162,P025,share,2026-04-14 04:53:14
U162,P068,view,2026-04-02 19:27:09
U163,P064,view,2026-04-17 20:19:06
U163,P049,add_to_cart,2026-04-19 02:24:03
U163,P087,add_to_wishlist,2026-04-01 01:28:59
U163,P055,view,2026-04-09 04:54:41
U163,P064,add_to_cart,2026-04-05 02:05:20
U163,P090,view,2026-04-11 18:17:01
U163,P077,view,2026-04-02 15:18:03
U163,P092,view,2026-04-19 10:45:23
U163,P080,add_to_wishlist,2026-04-16 09:56:33
U163,P020,view,2026-04-16 20:35:38
U164,P075,add_to_cart,2026-04-13 08:24:20
U164,P005,add_to_cart,2026-04-04 20:15:44
U164,P036,review,2026-04-19 04:04:25
U164,P063,view,2026-04-17 22:00:31
U164,P049,add_to_cart,2026-04-19 01:55:35
U164,P085,view,2026-04-18 08:27:44
U164,P050,view,2026-04-12 06:57:02
U164,P086,click,2026-04-11 10:58:19
U164,P013,click,2026-04-09 05:41:49
U164,P074,view,2026-04-05 10:45:37
U164,P006,view,2026-04-06 18:31:26
U164,P023,click,2026-04-12 07:32:52
U164,P033,click,2026-04-19 08:00:45
U164,P018,review,2026-04-15 20:53:47
U164,P044,click,2026-04-09 04:29:16
U165,P052,add_to_wishlist,2026-04-17 16:32:30
U165,P100,click,2026-04-06 09:36:51
U165,P034,view,2026-04-17 21:37:21
U165,P023,click,2026-04-01 12:45:18
U165,P087,share,2026-04-04 15:58:25
U165,P076,view,2026-04-10 21:12:49
U165,P032,add_to_cart,2026-04-13 05:55:22
U165,P028,rate,2026-04-03 18:30:44
U165,P098,click,2026-04-05 20:38:51
U165,P046,add_to_cart,2026-04-06 21:43:46
U166,P053,add_to_cart,2026-04-08 07:08:44
U166,P073,click,2026-04-17 05:42:28
U166,P028,view,2026-04-02 16:38:39
U166,P011,purchase,2026-04-03 21:24:36
U166,P070,view,2026-04-14 11:43:21
U166,P045,add_to_cart,2026-04-10 13:03:30
U166,P031,view,2026-04-14 19:47:49
U166,P083,add_to_cart,2026-04-16 05:42:36
U166,P031,view,2026-03-31 21:14:48
U166,P045,click,2026-04-05 22:24:00
U166,P070,rate,2026-04-08 07:15:21
U166,P057,view,2026-04-09 01:57:07
U166,P054,view,2026-04-15 03:21:38
U167,P066,purchase,2026-04-07 15:51:55
U167,P036,view,2026-03-31 03:14:06
U167,P038,click,2026-04-10 15:00:51
U167,P004,click,2026-04-04 19:28:20
U167,P065,rate,2026-04-15 01:22:39
U167,P057,view,2026-04-01 17:23:47
U167,P094,click,2026-04-13 22:50:12
U167,P032,click,2026-04-01 17:51:15
U167,P061,add_to_cart,2026-04-08 02:48:15
U167,P026,add_to_wishlist,2026-04-19 02:17:04
U168,P090,rate,2026-04-04 11:26:40
U168,P060,click,2026-04-12 07:57:08
U168,P083,click,2026-04-05 08:57:38
U168,P074,review,2026-04-09 15:44:17
U168,P072,view,2026-04-16 17:57:25
U168,P088,view,2026-04-05 23:12:29
U168,P097,add_to_wishlist,2026-04-08 03:51:25
U168,P064,view,2026-04-07 01:59:22
U168,P081,view,2026-04-15 17:16:09
U168,P054,view,2026-04-05 05:12:51
U169,P077,click,2026-04-14 04:00:04
U169,P071,view,2026-04-09 19:25:38
U169,P100,click,2026-04-12 19:04:29
U169,P082,view,2026-04-06 09:30:33
U169,P025,view,2026-04-01 15:41:06
U169,P057,view,2026-04-06 16:26:55
U169,P085,add_to_cart,2026-04-12 22:37:09
U169,P091,add_to_cart,2026-04-17 07:06:30
U169,P042,view,2026-04-13 15:26:05
U169,P088,rate,2026-04-13 04:52:26
U169,P058,view,2026-04-05 17:12:01
U170,P010,view,2026-04-01 10:10:12
U170,P044,add_to_cart,2026-04-06 21:19:09
U170,P001,purchase,2026-04-08 14:19:22
U170,P093,add_to_cart,2026-04-08 17:24:57
U170,P074,click,2026-04-05 23:42:45
U170,P063,click,2026-04-09 23:00:41
U170,P094,add_to_cart,2026-04-19 17:39:26
U170,P044,view,2026-04-17 23:39:25
U170,P073,view,2026-04-19 06:30:27
U170,P014,view,2026-04-04 20:48:23
U170,P005,view,2026-04-13 09:51:47
U170,P077,view,2026-04-01 23:09:17
U171,P068,view,2026-04-13 17:03:35
U171,P014,add_to_wishlist,2026-04-06 09:16:54
U171,P003,add_to_wishlist,2026-04-07 21:51:59
U171,P002,review,2026-04-04 02:27:42
U171,P090,view,2026-04-11 08:47:40
U171,P099,view,2026-04-11 15:50:24
U171,P092,view,2026-04-17 04:31:31
U171,P077,rate,2026-04-16 23:10:37
U171,P017,add_to_wishlist,2026-04-05 03:30:43
U171,P071,click,2026-04-06 11:02:58
U172,P092,add_to_wishlist,2026-04-11 13:51:58
U172,P008,view,2026-04-01 09:35:36
U172,P010,view,2026-04-16 16:45:48
U172,P007,view,2026-04-16 10:02:10
U172,P039,add_to_cart,2026-04-08 17:29:37
U172,P090,add_to_cart,2026-04-09 10:26:35
U172,P048,view,2026-04-08 16:19:51
U172,P011,add_to_wishlist,2026-04-18 14:01:18
U172,P055,view,2026-04-17 01:56:37
U172,P092,share,2026-04-01 02:34:01
U173,P085,click,2026-04-07 17:51:30
U173,P060,add_to_cart,2026-04-12 13:22:24
U173,P027,rate,2026-04-10 19:41:08
U173,P003,view,2026-04-03 05:31:55
U173,P059,view,2026-04-12 19:02:29
U173,P030,add_to_wishlist,2026-04-14 03:13:11
U173,P073,purchase,2026-04-17 01:30:05
U173,P054,view,2026-04-07 14:38:32
U173,P006,click,2026-04-10 14:32:39
U173,P089,add_to_cart,2026-04-14 02:18:32
U173,P056,view,2026-04-09 01:15:11
U173,P099,click,2026-04-06 04:02:55
U173,P087,click,2026-04-17 08:08:10
U173,P034,add_to_wishlist,2026-04-07 11:42:22
U173,P022,add_to_cart,2026-04-18 12:03:30
U174,P049,add_to_wishlist,2026-04-18 00:16:49
U174,P081,add_to_cart,2026-04-04 08:36:46
U174,P031,view,2026-04-01 08:27:03
U174,P044,review,2026-04-19 20:22:49
U174,P001,click,2026-04-11 17:11:12
U174,P086,view,2026-04-05 06:19:15
U174,P040,click,2026-04-01 16:23:21
U174,P001,rate,2026-03-31 01:29:03
U174,P092,view,2026-04-11 07:01:42
U174,P019,view,2026-04-09 12:39:04
U175,P053,view,2026-04-07 19:01:07
U175,P038,click,2026-03-31 16:13:28
U175,P092,view,2026-04-09 19:48:15
U175,P095,add_to_cart,2026-04-03 20:18:22
U175,P068,click,2026-04-14 14:18:11
U175,P003,click,2026-04-08 14:10:39
U175,P001,add_to_cart,2026-04-14 20:51:25
U175,P097,add_to_wishlist,2026-04-07 11:12:45
U175,P076,click,2026-04-14 14:27:49
U176,P046,add_to_cart,2026-04-12 06:31:13
U176,P017,add_to_cart,2026-04-11 14:29:58
U176,P034,add_to_wishlist,2026-04-06 22:00:08
U176,P088,add_to_wishlist,2026-04-09 00:03:45
U176,P017,click,2026-03-31 07:46:14
U176,P033,click,2026-04-03 01:07:53
U176,P020,add_to_cart,2026-04-16 16:23:32
U176,P077,view,2026-04-08 09:40:56
U176,P018,click,2026-04-10 09:17:25
U176,P016,add_to_wishlist,2026-04-19 01:30:52
U176,P053,add_to_cart,2026-04-08 10:52:00
U176,P055,view,2026-04-05 18:40:51
U176,P064,add_to_wishlist,2026-04-02 01:55:21
U177,P058,click,2026-04-02 17:28:11
U177,P009,view,2026-04-09 22:45:31
U177,P049,view,2026-04-04 08:46:12
U177,P078,purchase,2026-04-05 00:21:59
U177,P085,view,2026-04-15 12:48:40
U177,P053,add_to_wishlist,2026-04-04 13:24:59
U177,P003,rate,2026-04-18 12:17:02
U177,P027,add_to_cart,2026-04-07 23:38:15
U177,P008,add_to_wishlist,2026-04-12 18:25:32
U178,P018,view,2026-04-05 04:44:52
U178,P052,view,2026-04-15 16:38:49
U178,P019,view,2026-04-15 05:41:48
U178,P013,purchase,2026-04-04 18:02:47
U178,P024,view,2026-04-11 07:44:38
U178,P028,view,2026-04-16 00:57:50
U178,P069,add_to_wishlist,2026-04-17 05:01:09
U178,P098,add_to_cart,2026-04-07 06:59:38
U178,P001,view,2026-04-01 02:07:52
U178,P013,view,2026-04-02 00:24:48
U178,P082,add_to_wishlist,2026-04-17 04:44:38
U179,P089,click,2026-04-05 06:02:30
U179,P089,rate,2026-04-15 14:25:03
U179,P004,purchase,2026-04-11 15:11:13
U179,P029,click,2026-04-09 23:32:12
U179,P072,click,2026-04-12 09:07:16
U179,P074,click,2026-03-31 17:09:10
U179,P007,click,2026-04-12 17:50:58
U179,P075,view,2026-04-13 21:26:48
U179,P015,view,2026-04-11 08:23:52
U179,P051,share,2026-04-10 03:22:40
U180,P096,view,2026-04-17 00:19:18
U180,P005,rate,2026-04-16 11:16:26
U180,P015,view,2026-04-08 22:21:08
U180,P097,click,2026-04-17 02:52:21
U180,P095,view,2026-04-09 22:56:01
U180,P008,add_to_wishlist,2026-04-13 10:36:52
U180,P018,add_to_wishlist,2026-04-14 05:08:46
U180,P048,view,2026-04-18 18:19:19
U181,P052,add_to_cart,2026-04-07 08:22:57
U181,P044,click,2026-04-10 15:42:27
U181,P014,add_to_cart,2026-04-01 23:37:46
U181,P080,click,2026-04-16 23:59:12
U181,P042,click,2026-04-09 16:08:09
U181,P050,view,2026-04-10 09:24:36
U181,P028,click,2026-04-15 05:21:46
U181,P023,add_to_cart,2026-04-06 16:54:16
U181,P099,review,2026-04-12 04:26:25
U181,P020,view,2026-04-07 06:42:49
U181,P007,view,2026-04-08 02:29:58
U181,P091,view,2026-04-06 13:52:02
U182,P032,click,2026-04-08 08:32:45
U182,P045,add_to_cart,2026-04-09 18:22:51
U182,P003,click,2026-04-10 10:47:55
U182,P083,add_to_cart,2026-04-08 22:04:09
U182,P031,view,2026-04-06 10:01:34
U182,P056,click,2026-04-17 09:02:53
U182,P048,view,2026-04-06 01:31:28
U182,P094,click,2026-04-06 09:59:46
U182,P069,view,2026-04-12 12:53:04
U182,P066,view,2026-04-01 18:38:12
U182,P029,view,2026-04-15 10:46:17
U182,P061,view,2026-04-09 00:21:28
U182,P086,view,2026-04-16 09:19:47
U183,P044,add_to_wishlist,2026-04-09 22:17:14
U183,P048,click,2026-04-10 21:19:54
U183,P027,add_to_cart,2026-03-31 17:27:03
U183,P037,add_to_cart,2026-04-10 20:41:21
U183,P100,add_to_wishlist,2026-04-12 07:25:18
U183,P050,click,2026-04-18 07:22:19
U183,P040,view,2026-04-15 05:48:42
U183,P082,add_to_wishlist,2026-04-02 14:24:44
U183,P036,view,2026-04-08 16:12:05
U183,P066,add_to_cart,2026-04-04 19:32:52
U184,P010,view,2026-04-15 03:06:28
U184,P070,view,2026-04-18 16:16:11
U184,P081,share,2026-04-10 02:25:51
U184,P047,rate,2026-04-12 13:12:35
U184,P013,review,2026-04-13 14:57:29
U184,P095,click,2026-04-05 03:48:44
U184,P070,view,2026-03-31 05:05:43
U184,P070,click,2026-04-05 08:51:52
U184,P028,click,2026-04-01 12:25:40
U184,P032,view,2026-04-03 18:15:36
U184,P087,view,2026-04-08 13:47:07
U184,P083,add_to_wishlist,2026-04-01 07:49:02
U184,P061,click,2026-04-02 03:45:05
U184,P092,add_to_wishlist,2026-04-01 20:27:53
U185,P016,purchase,2026-04-03 04:19:52
U185,P055,view,2026-04-01 06:46:15
U185,P051,click,2026-04-09 19:50:22
U185,P047,rate,2026-04-12 12:09:03
U185,P032,view,2026-04-18 19:32:12
U185,P069,view,2026-04-05 06:05:30
U185,P042,click,2026-04-11 21:07:58
U185,P017,click,2026-04-12 22:51:23
U185,P081,click,2026-04-11 07:31:33
U186,P053,review,2026-04-07 10:52:58
U186,P025,click,2026-04-13 19:02:33
U186,P005,view,2026-03-31 06:58:46
U186,P073,view,2026-03-31 02:32:13
U186,P067,click,2026-04-13 19:08:42
U186,P006,click,2026-04-11 02:37:27
U186,P015,click,2026-04-13 04:55:00
U186,P081,review,2026-04-07 16:27:04
U186,P058,add_to_wishlist,2026-04-10 17:36:52
U187,P090,add_to_cart,2026-04-02 10:10:01
U187,P016,add_to_wishlist,2026-04-10 07:39:22
U187,P074,view,2026-04-19 09:32:34
U187,P011,click,2026-04-10 14:55:43
U187,P093,view,2026-03-31 20:35:09
U187,P089,review,2026-04-12 14:27:22
U187,P066,view,2026-04-12 09:35:23
U187,P090,click,2026-04-15 15:08:39
U187,P008,view,2026-04-07 15:30:50
U187,P012,click,2026-04-02 22:17:15
U187,P094,click,2026-04-06 03:47:57
U187,P085,view,2026-03-31 00:04:29
U187,P026,view,2026-04-11 01:12:37
U187,P093,add_to_cart,2026-04-05 09:40:27
U187,P033,purchase,2026-04-12 20:01:27
U188,P080,add_to_cart,2026-04-15 21:24:36
U188,P100,rate,2026-04-10 15:57:25
U188,P012,click,2026-04-06 08:39:13
U188,P018,view,2026-04-09 10:08:15
U188,P052,add_to_cart,2026-04-03 01:52:28
U188,P062,rate,2026-04-12 11:59:48
U188,P067,view,2026-04-10 05:44:16
U188,P043,click,2026-04-05 07:35:15
U188,P005,view,2026-04-13 11:10:40
U188,P023,click,2026-04-05 22:36:27
U188,P073,rate,2026-04-08 18:25:31
U188,P083,click,2026-04-13 01:29:58
U188,P080,review,2026-04-01 04:12:36
U188,P095,review,2026-04-15 04:03:16
U188,P077,add_to_cart,2026-04-06 01:38:02
U189,P041,click,2026-04-08 11:28:59
U189,P089,purchase,2026-04-18 04:24:05
U189,P055,add_to_cart,2026-04-09 22:37:08
U189,P040,click,2026-04-10 07:22:03
U189,P051,view,2026-04-16 11:23:11
U189,P083,add_to_cart,2026-04-02 11:06:22
U189,P010,add_to_cart,2026-04-15 07:18:51
U189,P037,click,2026-04-12 03:28:41
U189,P018,share,2026-04-01 21:05:27
U189,P032,click,2026-04-08 10:31:09
U189,P088,view,2026-04-06 01:32:27
U189,P073,view,2026-04-12 09:05:29
U189,P042,share,2026-04-11 06:08:08
U190,P096,click,2026-04-03 15:49:26
U190,P060,add_to_cart,2026-04-01 16:16:36
U190,P015,view,2026-03-31 11:22:57
U190,P071,view,2026-04-05 00:45:41
U190,P028,view,2026-04-18 03:06:21
U190,P049,view,2026-04-13 17:45:25
U190,P043,add_to_cart,2026-03-31 17:31:49
U190,P055,click,2026-04-15 04:55:19
U190,P035,add_to_wishlist,2026-04-14 20:38:38
U190,P080,view,2026-03-31 07:44:40
U190,P064,view,2026-04-13 11:00:18
U190,P008,view,2026-04-14 09:16:14
U190,P090,click,2026-04-04 20:58:08
U190,P015,add_to_wishlist,2026-04-01 07:31:26
U191,P031,add_to_wishlist,2026-04-16 09:10:58
U191,P027,purchase,2026-04-06 19:07:46
U191,P016,view,2026-04-06 15:10:51
U191,P010,review,2026-04-02 01:04:26
U191,P050,view,2026-04-12 10:39:32
U191,P090,click,2026-04-14 02:43:33
U191,P083,view,2026-04-19 16:04:31
U191,P012,click,2026-04-19 08:42:35
U191,P031,view,2026-04-19 12:10:22
U191,P042,click,2026-04-15 06:08:43
U191,P006,click,2026-04-04 21:12:39
U192,P078,click,2026-04-14 02:30:15
U192,P072,rate,2026-04-13 16:49:15
U192,P039,purchase,2026-04-09 12:16:52
U192,P094,add_to_wishlist,2026-04-13 14:46:36
U192,P026,add_to_wishlist,2026-04-18 04:25:56
U192,P098,add_to_wishlist,2026-04-01 06:22:02
U192,P079,add_to_cart,2026-03-31 06:53:46
U192,P087,add_to_wishlist,2026-04-16 00:42:40
U192,P082,purchase,2026-04-17 11:59:40
U192,P086,view,2026-04-05 12:29:50
U192,P060,click,2026-03-31 12:27:42
U192,P028,review,2026-04-11 00:39:33
U192,P014,view,2026-04-16 13:16:40
U192,P086,add_to_wishlist,2026-04-10 09:26:11
U193,P081,click,2026-04-08 01:52:27
U193,P022,purchase,2026-04-12 23:07:49
U193,P071,view,2026-04-18 12:17:57
U193,P017,view,2026-03-31 11:40:54
U193,P091,click,2026-04-01 08:00:16
U193,P035,click,2026-04-02 17:16:16
U193,P065,view,2026-04-10 12:39:52
U193,P037,view,2026-04-08 04:50:57
U193,P025,click,2026-04-13 03:20:49
U193,P072,add_to_cart,2026-04-08 06:50:56
U194,P070,view,2026-04-07 22:13:16
U194,P011,view,2026-04-02 03:37:43
U194,P017,add_to_cart,2026-04-05 01:23:26
U194,P032,rate,2026-04-04 02:07:21
U194,P092,view,2026-04-14 04:00:48
U194,P041,view,2026-04-10 06:45:45
U194,P029,purchase,2026-04-10 20:34:42
U194,P091,click,2026-04-04 14:38:25
U194,P002,click,2026-04-14 18:02:06
U194,P031,rate,2026-04-02 18:28:05
U195,P060,view,2026-04-11 09:44:04
U195,P030,view,2026-04-04 22:37:02
U195,P039,view,2026-03-31 16:14:15
U195,P045,view,2026-04-06 03:06:12
U195,P099,purchase,2026-04-07 03:16:37
U195,P028,click,2026-04-15 01:07:25
U195,P066,view,2026-04-17 06:51:09
U195,P017,add_to_cart,2026-04-18 17:40:36
U195,P030,add_to_cart,2026-04-05 07:33:07
U195,P039,review,2026-04-10 07:04:46
U196,P038,click,2026-04-05 10:51:52
U196,P008,view,2026-04-17 05:34:39
U196,P072,view,2026-04-18 21:43:58
U196,P024,view,2026-04-11 17:03:43
U196,P031,add_to_cart,2026-04-18 00:56:58
U196,P068,click,2026-04-15 19:04:29
U196,P002,purchase,2026-04-14 03:02:28
U196,P021,add_to_cart,2026-04-06 04:47:03
U196,P020,view,2026-04-09 23:31:45
U196,P040,view,2026-04-11 12:44:04
U196,P025,add_to_wishlist,2026-04-16 04:59:02
U196,P075,view,2026-04-11 13:22:56
U196,P074,view,2026-04-05 03:28:10
U196,P056,click,2026-04-01 13:55:41
U197,P030,click,2026-04-19 15:56:45
U197,P013,click,2026-04-05 08:51:45
U197,P040,view,2026-04-13 04:30:00
U197,P049,view,2026-04-17 15:23:51
U197,P094,click,2026-04-14 21:30:43
U197,P061,rate,2026-04-03 10:40:29
U197,P028,click,2026-04-07 08:09:36
U197,P061,review,2026-04-17 06:50:54
U197,P027,view,2026-04-03 05:38:39
U198,P091,add_to_wishlist,2026-04-12 03:25:25
U198,P071,view,2026-04-04 06:44:35
U198,P026,view,2026-03-31 05:33:54
U198,P062,review,2026-04-14 21:23:41
U198,P096,view,2026-03-31 18:00:55
U198,P005,add_to_wishlist,2026-04-19 23:26:36
U198,P045,share,2026-04-17 05:34:47
U198,P043,review,2026-04-11 13:36:05
U198,P067,add_to_cart,2026-04-11 03:04:03
U198,P078,view,2026-04-06 13:52:52
U198,P086,view,2026-04-17 01:30:19
U198,P032,view,2026-04-13 14:04:47
U199,P084,click,2026-04-15 17:57:18
U199,P021,view,2026-04-17 11:30:51
U199,P080,view,2026-04-10 05:06:51
U199,P085,add_to_cart,2026-04-13 13:49:36
U199,P055,view,2026-04-16 02:55:18
U199,P058,click,2026-04-16 22:06:58
U199,P053,click,2026-04-03 03:49:26
U199,P051,view,2026-04-02 23:30:18
U200,P064,click,2026-04-07 03:30:31
U200,P040,click,2026-04-05 02:41:12
U200,P045,add_to_wishlist,2026-04-05 02:40:31
U200,P094,purchase,2026-04-18 23:00:43
U200,P015,click,2026-04-01 14:10:56
U200,P031,view,2026-04-06 18:26:40
U200,P087,purchase,2026-04-04 05:57:40
U200,P084,add_to_wishlist,2026-04-01 14:02:49
U201,P063,view,2026-04-02 14:56:37
U201,P098,add_to_wishlist,2026-04-04 12:18:18
U201,P001,add_to_wishlist,2026-04-14 09:52:47
U201,P006,add_to_cart,2026-04-04 02:16:31
U201,P002,view,2026-04-16 15:09:11
U201,P030,click,2026-04-19 06:15:31
U201,P085,view,2026-04-14 23:59:11
U201,P035,add_to_cart,2026-04-15 13:46:10
U201,P025,click,2026-04-16 02:41:38
U201,P003,purchase,2026-04-15 04:17:25
U201,P001,add_to_cart,2026-04-04 04:14:52
U201,P063,add_to_wishlist,2026-04-06 07:18:27
U201,P024,view,2026-04-02 11:25:47
U201,P069,view,2026-04-18 01:15:20
U201,P093,purchase,2026-04-13 17:27:49
U202,P022,view,2026-04-05 00:59:57
U202,P087,click,2026-04-07 11:45:13
U202,P033,click,2026-04-15 01:44:43
U202,P026,click,2026-04-18 06:25:17
U202,P049,add_to_cart,2026-04-17 15:58:36
U202,P040,purchase,2026-04-05 00:34:18
U202,P064,view,2026-04-15 08:19:17
U202,P030,add_to_wishlist,2026-04-02 03:32:47
U203,P077,add_to_cart,2026-04-13 14:58:34
U203,P098,add_to_cart,2026-04-17 12:32:04
U203,P020,view,2026-04-01 08:28:43
U203,P097,add_to_wishlist,2026-04-04 05:04:49
U203,P010,click,2026-04-18 13:20:18
U203,P059,click,2026-04-12 02:41:55
U203,P012,add_to_cart,2026-04-14 06:49:59
U203,P052,add_to_cart,2026-04-02 19:08:33
U203,P053,add_to_wishlist,2026-03-31 05:14:33
U203,P057,add_to_cart,2026-03-31 21:54:58
U203,P012,click,2026-04-03 22:55:54
U203,P085,click,2026-04-04 05:11:04
U203,P100,add_to_wishlist,2026-04-11 10:01:58
U203,P037,click,2026-04-02 01:41:00
U204,P020,click,2026-04-15 09:44:46
U204,P014,purchase,2026-04-12 13:21:54
U204,P051,review,2026-04-01 04:11:06
U204,P045,add_to_wishlist,2026-04-16 12:35:41
U204,P054,add_to_cart,2026-04-17 06:35:13
U204,P017,click,2026-04-06 18:24:33
U204,P047,rate,2026-04-16 06:15:46
U204,P032,click,2026-04-07 01:50:24
U205,P039,click,2026-04-14 15:38:47
U205,P054,view,2026-04-19 03:27:06
U205,P041,click,2026-04-07 21:51:48
U205,P021,click,2026-04-09 05:36:50
U205,P069,add_to_cart,2026-04-08 09:03:00
U205,P003,view,2026-04-13 03:09:44
U205,P019,add_to_wishlist,2026-04-17 22:33:30
U205,P087,click,2026-04-04 19:25:46
U205,P040,view,2026-04-11 20:07:11
U205,P027,view,2026-04-03 03:58:20
U205,P041,view,2026-04-17 15:57:40
U206,P081,click,2026-03-31 05:39:36
U206,P045,view,2026-04-13 00:48:29
U206,P080,click,2026-04-02 00:24:48
U206,P088,click,2026-04-19 07:24:33
U206,P028,view,2026-04-08 19:26:05
U206,P063,add_to_wishlist,2026-04-10 07:56:59
U206,P004,add_to_cart,2026-04-10 15:39:40
U206,P040,add_to_cart,2026-04-06 11:29:43
U206,P037,view,2026-04-15 03:18:23
U206,P036,add_to_wishlist,2026-04-01 11:05:05
U207,P025,click,2026-04-12 23:59:40
U207,P044,click,2026-04-06 21:22:05
U207,P087,view,2026-04-04 05:30:34
U207,P077,click,2026-04-08 02:02:33
U207,P044,click,2026-04-06 09:38:59
U207,P004,review,2026-04-13 01:31:25
U207,P023,share,2026-03-31 01:45:55
U207,P062,view,2026-04-04 13:18:39
U207,P016,view,2026-04-10 19:02:01
U207,P090,review,2026-04-15 02:28:48
U207,P088,view,2026-04-08 20:58:16
U208,P021,click,2026-04-04 21:52:16
U208,P015,add_to_cart,2026-04-16 00:39:07
U208,P067,share,2026-04-11 11:26:30
U208,P067,view,2026-04-13 02:03:13
U208,P081,click,2026-04-18 16:14:52
U208,P069,click,2026-04-18 20:01:07
U208,P046,view,2026-04-18 02:07:05
U208,P058,add_to_cart,2026-04-05 18:50:27
U208,P070,click,2026-04-09 20:32:57
U208,P082,view,2026-04-14 10:00:26
U208,P063,purchase,2026-04-07 18:34:18
U208,P075,rate,2026-04-04 05:08:02
U208,P099,view,2026-04-19 01:16:48
U208,P014,view,2026-04-12 01:43:34
U209,P065,add_to_cart,2026-04-10 00:12:04
U209,P079,click,2026-04-17 10:27:38
U209,P051,click,2026-04-16 18:42:43
U209,P051,add_to_wishlist,2026-04-08 02:59:06
U209,P057,purchase,2026-04-01 10:27:29
U209,P043,add_to_cart,2026-04-04 01:11:06
U209,P014,add_to_cart,2026-04-02 16:50:06
U209,P098,click,2026-04-03 06:58:09
U209,P027,view,2026-04-17 16:42:46
U209,P011,click,2026-04-11 06:56:31
U209,P048,add_to_cart,2026-04-05 21:15:02
U209,P037,view,2026-04-07 10:58:00
U209,P078,view,2026-04-12 15:01:26
U210,P005,click,2026-04-01 04:52:29
U210,P066,purchase,2026-04-05 13:56:30
U210,P014,click,2026-04-06 18:38:05
U210,P035,click,2026-04-06 01:47:04
U210,P085,add_to_cart,2026-04-01 21:39:23
U210,P004,add_to_cart,2026-04-03 19:16:04
U210,P036,click,2026-04-16 20:43:07
U210,P073,add_to_wishlist,2026-04-18 07:22:25
U210,P042,rate,2026-04-08 02:34:02
U210,P035,add_to_cart,2026-04-07 20:47:32
U210,P074,click,2026-04-02 14:12:02
U210,P058,click,2026-04-09 10:46:00
U210,P054,view,2026-04-18 07:22:36
U210,P090,click,2026-04-18 00:13:03
U210,P023,view,2026-04-10 11:50:33
U211,P080,add_to_cart,2026-04-06 10:17:43
U211,P023,click,2026-04-12 02:15:23
U211,P034,add_to_cart,2026-04-02 01:05:00
U211,P095,view,2026-04-16 03:55:36
U211,P050,purchase,2026-04-02 02:34:14
U211,P086,click,2026-03-31 09:58:52
U211,P024,view,2026-04-09 12:40:39
U211,P042,view,2026-04-06 07:30:34
U211,P016,view,2026-04-12 11:05:10
U211,P001,click,2026-04-06 12:01:36
U211,P071,add_to_cart,2026-04-15 13:25:30
U211,P009,view,2026-04-05 07:49:51
U211,P053,click,2026-04-01 10:54:43
U212,P095,rate,2026-04-12 02:45:05
U212,P079,click,2026-04-01 17:46:03
U212,P090,view,2026-04-04 09:20:02
U212,P043,click,2026-04-01 02:06:17
U212,P052,add_to_wishlist,2026-04-06 13:02:36
U212,P080,add_to_wishlist,2026-04-05 06:43:07
U212,P012,add_to_cart,2026-04-11 02:19:32
U212,P037,add_to_cart,2026-04-15 04:00:20
U212,P019,add_to_cart,2026-04-03 08:16:24
U212,P068,click,2026-04-13 21:34:43
U212,P093,click,2026-04-17 14:30:02
U212,P096,purchase,2026-04-11 13:27:24
U212,P073,add_to_cart,2026-04-01 23:54:32
U213,P022,add_to_cart,2026-04-12 13:17:40
U213,P020,review,2026-04-01 04:05:43
U213,P080,click,2026-04-06 08:51:16
U213,P039,view,2026-04-18 22:35:59
U213,P004,click,2026-04-09 05:25:16
U213,P077,view,2026-04-07 17:28:25
U213,P055,click,2026-04-11 18:24:24
U213,P095,add_to_cart,2026-04-13 20:36:58
U213,P015,click,2026-04-07 01:40:29
U214,P093,view,2026-04-05 10:47:01
U214,P054,add_to_wishlist,2026-04-13 00:20:10
U214,P032,view,2026-03-31 17:29:56
U214,P082,view,2026-04-02 23:02:16
U214,P081,add_to_cart,2026-04-09 22:24:59
U214,P023,view,2026-04-13 09:21:32
U214,P050,view,2026-04-03 09:37:05
U214,P081,purchase,2026-04-07 01:45:28
U214,P069,add_to_cart,2026-04-19 01:42:13
U215,P070,click,2026-04-03 09:14:30
U215,P028,view,2026-04-17 21:30:59
U215,P019,add_to_cart,2026-04-14 04:14:48
U215,P001,click,2026-04-02 17:02:34
U215,P083,add_to_wishlist,2026-03-31 04:12:05
U215,P084,click,2026-04-07 05:57:27
U215,P100,view,2026-04-19 17:37:18
U215,P091,view,2026-04-06 01:24:49
U215,P011,view,2026-04-05 15:50:45
U215,P054,click,2026-04-12 05:03:32
U215,P042,view,2026-04-19 07:33:16
U215,P052,view,2026-04-16 15:52:50
U215,P073,view,2026-04-09 03:55:50
U216,P072,add_to_wishlist,2026-04-18 05:18:42
U216,P097,view,2026-04-16 15:56:05
U216,P090,add_to_cart,2026-04-12 06:47:54
U216,P033,add_to_cart,2026-04-08 06:32:37
U216,P003,add_to_wishlist,2026-04-02 08:15:33
U216,P060,review,2026-04-02 03:19:59
U216,P027,view,2026-04-12 22:48:19
U216,P072,add_to_wishlist,2026-04-05 19:30:08
U216,P032,rate,2026-04-06 17:35:07
U216,P020,click,2026-03-31 04:48:35
U216,P040,click,2026-04-11 13:15:09
U216,P071,rate,2026-04-13 12:59:48
U216,P093,view,2026-04-19 06:46:02
U217,P051,view,2026-04-08 19:43:45
U217,P089,rate,2026-04-18 16:14:15
U217,P019,click,2026-04-14 12:10:14
U217,P058,view,2026-04-16 03:53:56
U217,P076,add_to_wishlist,2026-04-14 23:50:39
U217,P020,add_to_cart,2026-04-18 06:16:33
U217,P058,share,2026-04-15 10:19:35
U217,P015,click,2026-04-01 16:28:16
U217,P048,click,2026-04-17 14:22:19
U217,P100,purchase,2026-04-08 05:02:56
U217,P045,view,2026-04-13 15:56:28
U218,P069,view,2026-04-17 15:24:15
U218,P005,view,2026-04-17 13:47:38
U218,P006,view,2026-04-19 10:32:13
U218,P073,add_to_wishlist,2026-04-07 15:54:01
U218,P091,click,2026-04-11 09:39:36
U218,P005,share,2026-04-06 11:41:21
U218,P100,click,2026-04-11 07:52:18
U218,P031,add_to_cart,2026-04-18 14:39:44
U218,P021,add_to_cart,2026-04-02 03:54:46
U218,P062,view,2026-03-31 00:49:54
U218,P025,add_to_wishlist,2026-04-09 23:26:50
U218,P077,click,2026-04-16 10:49:31
U219,P001,add_to_wishlist,2026-04-06 05:52:57
U219,P054,add_to_wishlist,2026-04-01 19:01:36
U219,P053,add_to_cart,2026-04-08 11:20:44
U219,P068,click,2026-04-17 23:36:02
U219,P083,add_to_cart,2026-04-03 20:20:41
U219,P047,purchase,2026-04-13 04:20:07
U219,P077,view,2026-04-04 05:08:27
U219,P048,add_to_cart,2026-04-08 01:35:46
U219,P044,view,2026-04-01 06:33:17
U220,P011,add_to_wishlist,2026-04-06 05:23:45
U220,P093,click,2026-04-01 15:34:47
U220,P017,rate,2026-04-12 04:49:32
U220,P093,add_to_wishlist,2026-04-02 07:11:02
U220,P045,view,2026-04-11 18:22:42
U220,P045,click,2026-04-14 17:34:21
U220,P076,view,2026-04-03 04:25:53
U220,P021,add_to_cart,2026-04-12 13:16:17
U220,P045,view,2026-04-14 02:24:31
U221,P068,add_to_wishlist,2026-04-02 04:11:33
U221,P042,view,2026-04-10 13:45:19
U221,P082,view,2026-04-10 18:45:35
U221,P019,click,2026-04-12 12:45:27
U221,P041,purchase,2026-04-01 06:23:12
U221,P062,rate,2026-04-17 22:52:45
U221,P010,view,2026-04-02 06:33:13
U221,P039,share,2026-04-18 10:17:08
U221,P080,view,2026-04-16 01:07:00
U221,P066,add_to_cart,2026-04-11 14:54:13
U221,P011,rate,2026-04-14 14:26:38
U221,P017,click,2026-04-16 21:29:18
U221,P090,add_to_cart,2026-04-19 09:01:51
U221,P092,click,2026-04-02 01:32:03
U222,P026,add_to_wishlist,2026-04-16 10:02:03
U222,P086,click,2026-04-12 02:20:14
U222,P008,add_to_cart,2026-04-08 01:47:15
U222,P100,click,2026-04-01 03:37:49
U222,P001,view,2026-04-05 11:53:46
U222,P068,view,2026-03-31 02:36:09
U222,P022,click,2026-04-05 23:55:35
U222,P021,view,2026-04-16 13:19:24
U222,P047,click,2026-04-08 01:21:53
U222,P070,view,2026-04-17 19:52:50
U222,P076,share,2026-04-03 20:00:58
U222,P017,add_to_cart,2026-04-17 22:17:06
U223,P033,click,2026-04-06 12:03:40
U223,P031,add_to_cart,2026-04-07 03:33:05
U223,P010,review,2026-04-14 12:12:03
U223,P005,click,2026-04-01 07:21:23
U223,P029,rate,2026-04-18 20:11:16
U223,P063,rate,2026-03-31 01:41:38
U223,P035,view,2026-04-02 14:38:24
U223,P048,view,2026-04-04 08:45:53
U223,P098,view,2026-04-04 05:18:39
U223,P065,view,2026-04-02 18:14:55
U223,P065,view,2026-04-14 19:18:58
U223,P084,view,2026-03-31 07:43:25
U223,P025,view,2026-04-13 07:27:05
U223,P031,view,2026-04-03 17:05:38
U223,P036,purchase,2026-04-10 05:41:12
U224,P015,add_to_wishlist,2026-04-05 10:28:01
U224,P069,add_to_cart,2026-04-03 17:07:07
U224,P023,click,2026-04-10 23:57:00
U224,P095,view,2026-03-31 08:31:51
U224,P099,view,2026-04-10 12:06:05
U224,P049,view,2026-04-01 13:26:04
U224,P081,view,2026-04-02 21:55:10
U224,P032,view,2026-04-15 00:49:12
U224,P004,add_to_cart,2026-04-01 10:33:09
U224,P005,view,2026-03-31 16:56:32
U225,P067,click,2026-04-19 00:47:27
U225,P029,click,2026-04-18 13:11:56
U225,P069,add_to_cart,2026-04-06 18:10:00
U225,P024,purchase,2026-04-10 17:25:18
U225,P062,add_to_wishlist,2026-04-05 09:15:44
U225,P012,share,2026-04-04 11:50:55
U225,P037,click,2026-04-04 00:12:33
U225,P040,view,2026-04-10 12:49:58
U225,P055,click,2026-04-07 12:43:05
U225,P029,view,2026-04-04 20:47:09
U225,P098,view,2026-04-09 19:39:52
U225,P050,add_to_wishlist,2026-04-15 19:06:09
U226,P059,review,2026-04-12 06:07:35
U226,P005,click,2026-04-12 19:55:13
U226,P093,add_to_wishlist,2026-04-06 07:49:53
U226,P047,click,2026-04-17 10:49:04
U226,P034,view,2026-04-01 15:52:06
U226,P100,add_to_cart,2026-04-01 00:31:43
U226,P030,add_to_cart,2026-04-18 21:58:24
U226,P035,click,2026-04-02 22:33:16
U227,P029,click,2026-04-18 00:04:30
U227,P080,click,2026-04-01 14:07:48
U227,P089,view,2026-04-07 18:41:53
U227,P077,view,2026-04-09 19:06:01
U227,P041,view,2026-04-11 20:59:49
U227,P045,add_to_cart,2026-04-05 01:30:38
U227,P068,view,2026-04-18 19:26:25
U227,P094,view,2026-03-31 21:19:04
U227,P009,view,2026-04-05 18:29:46
U227,P041,add_to_cart,2026-04-15 06:21:23
U227,P036,view,2026-04-02 10:49:24
U227,P099,click,2026-04-02 05:17:05
U228,P090,view,2026-04-10 05:48:29
U228,P006,view,2026-04-08 15:21:23
U228,P083,view,2026-04-12 02:11:08
U228,P039,purchase,2026-04-07 06:39:55
U228,P005,add_to_cart,2026-04-12 18:55:14
U228,P070,add_to_wishlist,2026-04-05 18:13:56
U228,P049,click,2026-04-02 12:26:32
U228,P082,view,2026-04-02 05:27:48
U229,P053,share,2026-04-03 08:45:52
U229,P082,click,2026-04-14 13:51:34
U229,P011,view,2026-04-13 00:42:12
U229,P046,click,2026-04-14 11:08:47
U229,P047,view,2026-04-13 03:49:48
U229,P027,add_to_wishlist,2026-04-08 05:14:07
U229,P085,view,2026-04-14 02:22:28
U229,P024,view,2026-04-16 15:12:32
U229,P022,click,2026-04-04 14:59:30
U229,P085,click,2026-04-01 22:23:43
U229,P067,click,2026-04-04 00:45:51
U229,P070,view,2026-04-04 12:20:45
U229,P033,add_to_wishlist,2026-04-08 00:20:34
U229,P059,add_to_cart,2026-04-13 23:45:13
U229,P047,click,2026-04-04 13:30:58
U230,P013,add_to_cart,2026-04-12 00:07:35
U230,P072,view,2026-04-04 09:14:10
U230,P053,add_to_cart,2026-04-14 05:50:45
U230,P058,rate,2026-04-12 02:04:43
U230,P086,view,2026-04-12 22:30:05
U230,P092,add_to_wishlist,2026-04-12 07:09:48
U230,P026,review,2026-04-16 15:21:29
U230,P015,view,2026-04-04 02:19:37
U230,P068,review,2026-04-03 00:35:26
U230,P022,add_to_cart,2026-04-08 22:31:13
U230,P090,view,2026-04-12 16:31:52
U230,P076,view,2026-04-07 22:13:33
U231,P070,view,2026-04-05 23:04:36
U231,P088,add_to_cart,2026-04-10 20:57:34
U231,P098,view,2026-04-02 03:52:35
U231,P058,view,2026-04-10 12:50:42
U231,P067,view,2026-04-09 11:49:50
U231,P036,add_to_wishlist,2026-04-05 02:54:25
U231,P029,add_to_cart,2026-04-19 18:45:56
U231,P088,view,2026-04-13 12:31:31
U232,P001,view,2026-04-01 20:05:21
U232,P060,view,2026-04-18 08:21:20
U232,P085,add_to_cart,2026-04-05 09:55:00
U232,P100,click,2026-04-12 00:45:11
U232,P035,view,2026-04-16 05:17:14
U232,P080,view,2026-04-13 06:36:52
U232,P051,click,2026-04-16 04:15:04
U232,P081,view,2026-04-16 01:01:08
U232,P037,view,2026-04-03 08:49:39
U232,P002,click,2026-04-10 00:13:04
U232,P082,view,2026-04-02 18:46:54
U232,P046,view,2026-04-17 07:07:30
U233,P022,click,2026-04-07 13:02:40
U233,P033,click,2026-04-17 04:51:22
U233,P029,add_to_wishlist,2026-04-16 11:15:31
U233,P043,rate,2026-04-18 01:38:35
U233,P075,view,2026-04-14 00:27:20
U233,P074,click,2026-04-04 20:10:28
U233,P042,add_to_cart,2026-04-10 17:17:24
U233,P041,view,2026-04-02 18:05:14
U233,P012,view,2026-04-14 15:31:35
U233,P026,view,2026-04-01 02:49:48
U233,P015,share,2026-03-31 13:32:12
U233,P093,view,2026-04-19 06:19:54
U234,P067,view,2026-04-16 15:21:56
U234,P098,view,2026-03-31 13:55:16
U234,P010,view,2026-04-15 12:39:24
U234,P071,add_to_cart,2026-03-31 22:17:28
U234,P027,add_to_wishlist,2026-04-10 23:10:42
U234,P015,click,2026-04-16 16:34:56
U234,P087,add_to_wishlist,2026-04-11 06:21:14
U234,P010,view,2026-04-15 04:51:09
U234,P013,add_to_wishlist,2026-04-12 09:50:48
U234,P098,view,2026-04-04 07:11:11
U234,P046,add_to_wishlist,2026-04-01 20:37:21
U235,P069,add_to_wishlist,2026-04-16 19:15:58
U235,P024,click,2026-04-04 02:36:54
U235,P016,add_to_wishlist,2026-04-13 11:07:57
U235,P036,view,2026-04-07 16:17:03
U235,P028,rate,2026-04-17 00:41:38
U235,P026,purchase,2026-04-02 05:05:30
U235,P040,view,2026-04-15 20:56:28
U235,P039,view,2026-04-09 10:39:40
U235,P031,click,2026-04-04 14:02:11
U235,P056,add_to_cart,2026-04-15 11:18:44
U235,P078,click,2026-04-02 18:34:57
U235,P032,click,2026-04-05 06:14:49
U235,P032,click,2026-04-10 08:33:27
U236,P079,view,2026-04-17 18:03:28
U236,P084,click,2026-04-05 05:54:40
U236,P082,click,2026-04-07 18:01:04
U236,P017,click,2026-04-13 13:16:37
U236,P020,view,2026-04-13 04:03:27
U236,P015,add_to_cart,2026-04-01 19:12:20
U236,P002,click,2026-04-07 08:28:16
U236,P053,click,2026-04-09 09:33:46
U237,P031,click,2026-04-12 20:22:44
U237,P057,purchase,2026-04-15 22:37:52
U237,P091,add_to_cart,2026-04-14 22:42:09
U237,P074,view,2026-04-06 04:21:17
U237,P030,click,2026-04-15 11:36:30
U237,P060,click,2026-04-08 12:46:27
U237,P040,click,2026-04-04 22:27:24
U237,P090,click,2026-04-02 09:18:42
U238,P076,add_to_wishlist,2026-04-03 14:52:56
U238,P014,view,2026-04-04 19:53:52
U238,P045,view,2026-04-04 16:07:29
U238,P085,view,2026-04-05 03:08:36
U238,P024,view,2026-04-05 06:30:10
U238,P023,view,2026-04-07 05:02:46
U238,P079,view,2026-04-05 11:04:20
U238,P009,view,2026-04-13 07:56:11
U238,P059,view,2026-04-13 13:40:00
U238,P090,add_to_cart,2026-04-06 07:25:56
U239,P074,add_to_wishlist,2026-04-04 10:45:42
U239,P065,add_to_cart,2026-04-01 00:27:44
U239,P030,view,2026-04-14 17:05:49
U239,P072,rate,2026-04-10 00:06:02
U239,P051,purchase,2026-04-07 09:23:19
U239,P088,view,2026-04-06 08:26:06
U239,P036,add_to_cart,2026-04-09 12:16:55
U239,P025,view,2026-04-19 05:05:03
U239,P012,add_to_wishlist,2026-04-02 22:49:36
U239,P053,click,2026-04-15 06:22:56
U239,P017,view,2026-04-10 07:29:01
U239,P079,share,2026-04-15 20:58:03
U239,P054,share,2026-04-13 01:41:55
U239,P090,click,2026-04-12 06:00:44
U240,P011,view,2026-04-12 23:34:42
U240,P099,view,2026-04-15 17:02:27
U240,P053,rate,2026-04-04 17:56:41
U240,P022,view,2026-04-01 11:53:21
U240,P071,review,2026-04-10 10:04:42
U240,P098,purchase,2026-04-15 20:19:42
U240,P041,click,2026-04-01 17:36:38
U240,P038,add_to_wishlist,2026-04-05 00:30:02
U240,P018,view,2026-04-02 16:35:22
U240,P025,click,2026-04-17 15:02:02
U240,P017,view,2026-04-01 15:54:35
U240,P069,click,2026-04-19 00:35:40
U240,P059,view,2026-04-08 11:27:50
U240,P050,click,2026-04-09 08:53:09
U241,P084,click,2026-03-31 18:37:30
U241,P069,view,2026-04-03 19:32:41
U241,P092,add_to_cart,2026-04-19 16:49:44
U241,P094,add_to_cart,2026-04-02 14:01:27
U241,P073,click,2026-04-06 10:02:43
U241,P069,view,2026-04-03 10:26:05
U241,P013,review,2026-04-16 16:01:22
U241,P027,view,2026-04-15 07:06:49
U241,P049,review,2026-04-19 02:39:12
U241,P010,view,2026-04-14 10:32:29
U242,P084,view,2026-04-11 14:56:32
U242,P039,purchase,2026-04-04 10:43:59
U242,P004,click,2026-04-10 00:06:26
U242,P094,add_to_wishlist,2026-04-14 08:55:34
U242,P034,click,2026-04-06 22:15:56
U242,P046,review,2026-04-18 17:18:09
U242,P012,click,2026-04-11 03:21:30
U242,P093,review,2026-04-16 16:46:40
U242,P025,review,2026-04-03 12:25:05
U242,P051,view,2026-04-13 19:43:51
U242,P070,view,2026-04-06 11:19:30
U242,P100,view,2026-04-17 10:03:30
U242,P093,click,2026-04-18 08:16:22
U242,P044,view,2026-04-03 20:08:35
U243,P078,rate,2026-04-08 14:41:28
U243,P061,add_to_wishlist,2026-04-17 11:44:44
U243,P042,share,2026-04-19 09:27:49
U243,P063,click,2026-04-12 15:10:59
U243,P015,view,2026-03-31 15:52:11
U243,P007,click,2026-04-05 19:18:29
U243,P030,view,2026-04-04 09:13:05
U243,P086,add_to_cart,2026-04-02 01:03:36
U243,P022,add_to_cart,2026-04-14 08:13:56
U243,P009,view,2026-04-03 22:38:15
U243,P049,click,2026-04-15 00:30:55
U243,P036,view,2026-04-04 12:24:28
U243,P042,share,2026-04-08 08:31:58
U244,P088,click,2026-04-09 09:53:51
U244,P010,click,2026-04-11 12:38:49
U244,P028,review,2026-04-11 06:30:15
U244,P083,view,2026-04-02 07:15:25
U244,P098,rate,2026-04-12 01:03:17
U244,P076,view,2026-04-05 09:20:53
U244,P019,view,2026-04-07 05:15:10
U244,P017,click,2026-04-11 15:04:31
U244,P098,add_to_wishlist,2026-04-09 10:33:38
U244,P039,click,2026-04-18 11:00:19
U244,P024,view,2026-04-12 04:48:16
U244,P057,review,2026-04-13 07:19:08
U244,P057,click,2026-04-12 22:39:32
U244,P079,view,2026-04-10 08:17:38
U245,P064,view,2026-04-15 12:23:14
U245,P042,add_to_wishlist,2026-04-02 21:13:41
U245,P049,click,2026-03-31 05:07:44
U245,P090,view,2026-04-14 04:57:59
U245,P089,add_to_wishlist,2026-04-13 18:28:20
U245,P020,view,2026-03-31 02:19:09
U245,P084,add_to_cart,2026-04-07 01:20:10
U245,P062,click,2026-04-06 05:17:56
U245,P023,add_to_wishlist,2026-04-05 12:02:48
U245,P076,add_to_wishlist,2026-04-04 07:04:42
U245,P062,view,2026-04-08 23:58:45
U245,P030,add_to_cart,2026-04-07 04:16:04
U245,P096,view,2026-04-11 17:46:50
U245,P088,click,2026-04-01 21:59:46
U246,P041,add_to_cart,2026-04-10 11:17:13
U246,P028,click,2026-04-09 13:38:10
U246,P081,click,2026-04-05 02:38:17
U246,P046,view,2026-04-13 07:47:59
U246,P002,click,2026-04-11 23:58:11
U246,P084,add_to_cart,2026-04-03 22:16:08
U246,P093,click,2026-04-14 09:55:56
U246,P023,view,2026-04-11 14:07:44
U246,P012,share,2026-04-11 18:27:23
U246,P065,view,2026-04-09 05:56:35
U246,P068,click,2026-04-06 02:12:56
U246,P020,purchase,2026-04-19 20:04:07
U246,P006,purchase,2026-04-19 23:12:28
U247,P096,view,2026-04-14 03:07:38
U247,P091,click,2026-04-03 00:31:50
U247,P002,click,2026-04-10 18:37:25
U247,P042,view,2026-04-14 22:04:44
U247,P035,add_to_cart,2026-03-31 06:32:39
U247,P098,add_to_wishlist,2026-04-03 16:55:15
U247,P037,view,2026-04-02 17:50:59
U247,P083,rate,2026-04-03 04:25:58
U247,P095,view,2026-04-06 16:30:01
U247,P031,add_to_wishlist,2026-04-06 03:26:35
U247,P014,add_to_cart,2026-04-15 06:12:49
U247,P059,view,2026-04-02 21:59:08
U248,P049,add_to_wishlist,2026-04-18 03:13:56
U248,P069,view,2026-04-01 00:22:10
U248,P014,rate,2026-04-16 07:25:29
U248,P067,add_to_cart,2026-04-09 17:48:35
U248,P048,click,2026-04-02 12:08:55
U248,P070,click,2026-04-14 13:11:29
U248,P095,add_to_wishlist,2026-04-09 04:37:44
U248,P058,view,2026-04-12 06:56:54
U248,P049,add_to_cart,2026-04-13 07:13:17
U248,P012,purchase,2026-04-10 17:08:12
U248,P022,view,2026-04-17 14:08:18
U249,P063,view,2026-04-15 02:22:30
U249,P049,view,2026-04-08 11:12:48
U249,P044,purchase,2026-04-01 06:11:03
U249,P066,click,2026-04-16 19:44:27
U249,P060,click,2026-04-19 04:08:16
U249,P076,view,2026-04-10 03:04:47
U249,P036,add_to_wishlist,2026-04-05 15:52:57
U249,P039,click,2026-04-09 12:32:02
U249,P007,add_to_wishlist,2026-03-31 03:43:28
U249,P098,purchase,2026-04-15 17:10:11
U249,P014,view,2026-04-15 17:00:42
U249,P099,click,2026-04-15 21:59:59
U250,P099,add_to_cart,2026-04-07 13:28:47
U250,P090,add_to_wishlist,2026-04-16 05:24:56
U250,P072,click,2026-04-14 04:34:57
U250,P057,add_to_cart,2026-04-02 00:24:04
U250,P031,add_to_cart,2026-04-12 21:47:30
U250,P017,view,2026-04-02 16:07:43
U250,P097,view,2026-04-08 01:17:23
U250,P036,click,2026-04-17 19:41:38
U250,P072,add_to_cart,2026-04-01 09:02:49
U250,P069,view,2026-04-04 14:36:00
U250,P084,add_to_wishlist,2026-04-09 03:17:41
U251,P008,add_to_wishlist,2026-04-18 22:39:46
U251,P030,add_to_wishlist,2026-04-18 14:32:33
U251,P052,review,2026-04-08 19:45:44
U251,P061,view,2026-04-04 14:09:12
U251,P035,add_to_wishlist,2026-04-13 00:59:57
U251,P053,view,2026-04-16 08:08:29
U251,P039,view,2026-04-15 10:23:20
U251,P090,add_to_cart,2026-04-01 21:03:16
U252,P098,click,2026-04-18 10:38:59
U252,P020,add_to_cart,2026-04-04 19:36:36
U252,P077,view,2026-04-13 20:17:50
U252,P095,click,2026-04-09 19:38:42
U252,P087,view,2026-03-31 18:38:22
U252,P039,view,2026-04-08 05:21:49
U252,P013,add_to_wishlist,2026-04-08 09:03:17
U252,P050,add_to_cart,2026-04-01 05:57:22
U252,P054,click,2026-04-08 09:24:42
U252,P027,view,2026-04-11 07:39:48
U252,P030,add_to_cart,2026-04-10 03:27:19
U252,P020,click,2026-04-16 03:22:21
U252,P031,view,2026-04-12 11:24:45
U252,P099,click,2026-04-02 10:05:34
U253,P049,add_to_cart,2026-04-07 12:03:31
U253,P070,click,2026-04-18 07:13:47
U253,P050,add_to_wishlist,2026-04-08 20:40:46
U253,P069,click,2026-04-13 15:06:05
U253,P049,click,2026-04-13 23:37:07
U253,P085,view,2026-04-15 11:58:40
U253,P006,rate,2026-04-12 23:02:29
U253,P098,click,2026-03-31 17:35:07
U254,P024,add_to_cart,2026-04-08 16:55:13
U254,P045,click,2026-04-16 01:07:18
U254,P021,view,2026-04-09 16:49:03
U254,P079,click,2026-04-14 17:57:58
U254,P012,add_to_wishlist,2026-04-06 04:45:14
U254,P065,add_to_wishlist,2026-04-03 02:29:28
U254,P054,click,2026-04-02 18:15:51
U254,P081,add_to_wishlist,2026-04-03 03:00:47
U254,P084,add_to_wishlist,2026-04-15 03:09:18
U254,P029,purchase,2026-04-03 20:04:33
U254,P039,view,2026-04-14 18:43:06
U254,P059,add_to_cart,2026-04-19 15:30:37
U254,P024,add_to_wishlist,2026-04-03 08:33:10
U254,P051,add_to_cart,2026-04-10 07:33:14
U255,P035,click,2026-04-07 03:26:44
U255,P052,view,2026-04-12 09:35:06
U255,P069,view,2026-04-15 12:46:21
U255,P082,add_to_cart,2026-04-16 05:10:13
U255,P068,view,2026-04-10 23:12:56
U255,P030,add_to_wishlist,2026-04-17 04:50:18
U255,P007,add_to_wishlist,2026-04-16 00:28:24
U255,P073,view,2026-04-04 23:55:01
U255,P006,add_to_wishlist,2026-04-04 08:07:31
U255,P021,view,2026-04-06 06:16:50
U255,P011,click,2026-04-01 14:13:37
U255,P032,click,2026-04-06 11:23:19
U255,P044,purchase,2026-04-07 01:05:35
U256,P067,click,2026-04-04 16:47:33
U256,P089,view,2026-04-10 04:03:16
U256,P054,view,2026-04-01 15:15:56
U256,P051,view,2026-04-09 13:03:46
U256,P029,add_to_cart,2026-04-06 02:39:37
U256,P030,share,2026-04-14 07:14:25
U256,P017,view,2026-04-13 09:00:14
U256,P014,click,2026-04-19 16:52:58
U256,P084,click,2026-04-03 20:33:06
U256,P065,share,2026-04-17 08:18:25
U257,P050,add_to_cart,2026-04-08 05:20:08
U257,P073,rate,2026-04-17 15:15:49
U257,P002,review,2026-04-02 07:51:34
U257,P050,view,2026-04-05 21:42:54
U257,P092,add_to_cart,2026-04-01 19:46:57
U257,P008,review,2026-04-11 23:12:01
U257,P066,add_to_cart,2026-04-15 11:42:37
U257,P094,view,2026-04-12 08:06:20
U257,P065,view,2026-04-01 19:24:46
U257,P033,purchase,2026-04-07 05:56:40
U258,P074,view,2026-04-15 11:42:26
U258,P060,click,2026-04-14 23:52:39
U258,P033,review,2026-04-19 22:34:16
U258,P031,view,2026-04-03 15:19:17
U258,P016,view,2026-04-01 13:22:50
U258,P041,view,2026-04-19 08:52:52
U258,P075,click,2026-04-15 02:51:49
U258,P040,add_to_wishlist,2026-04-04 04:27:26
U259,P076,add_to_cart,2026-04-07 23:07:45
U259,P025,view,2026-04-06 13:16:38
U259,P003,view,2026-03-31 12:50:16
U259,P076,add_to_cart,2026-04-12 04:52:58
U259,P081,add_to_cart,2026-04-18 07:35:56
U259,P017,click,2026-04-18 04:16:17
U259,P001,add_to_cart,2026-04-11 21:57:22
U259,P064,view,2026-04-01 07:36:58
U259,P094,click,2026-04-07 10:28:46
U259,P075,view,2026-04-17 18:42:36
U260,P019,click,2026-04-01 00:39:20
U260,P021,view,2026-04-19 05:08:37
U260,P089,click,2026-04-06 05:23:41
U260,P046,click,2026-04-05 07:10:04
U260,P070,view,2026-04-03 23:33:44
U260,P096,view,2026-04-01 16:16:51
U260,P059,click,2026-04-05 21:24:02
U260,P045,add_to_wishlist,2026-04-06 02:36:58
U260,P095,review,2026-04-11 15:01:05
U260,P071,view,2026-04-10 17:40:31
U260,P098,view,2026-04-16 12:00:54
U260,P018,click,2026-04-02 06:38:03
U260,P073,view,2026-04-19 07:39:10
U261,P090,rate,2026-04-13 01:23:55
U261,P037,click,2026-04-01 10:21:01
U261,P087,purchase,2026-04-11 22:01:12
U261,P052,click,2026-04-07 07:50:46
U261,P038,click,2026-04-16 07:11:06
U261,P076,add_to_cart,2026-04-07 16:51:59
U261,P031,click,2026-04-06 21:27:21
U261,P041,add_to_cart,2026-04-19 20:44:24
U261,P025,add_to_cart,2026-04-01 21:38:04
U261,P011,add_to_cart,2026-04-17 23:20:14
U261,P009,view,2026-04-09 20:16:26
U261,P020,view,2026-04-13 01:11:53
U261,P034,rate,2026-04-15 23:19:20
U262,P031,click,2026-04-07 04:17:57
U262,P009,click,2026-04-14 18:48:08
U262,P063,review,2026-04-10 00:15:58
U262,P016,add_to_cart,2026-04-17 02:37:47
U262,P026,click,2026-04-13 16:15:32
U262,P022,view,2026-04-04 06:47:15
U262,P096,click,2026-04-07 01:54:04
U262,P017,review,2026-04-13 03:48:31
U262,P098,click,2026-04-02 00:18:32
U262,P007,view,2026-04-13 09:48:31
U262,P085,view,2026-04-08 05:57:06
U262,P069,rate,2026-04-04 10:49:18
U263,P003,add_to_cart,2026-04-16 22:12:45
U263,P091,add_to_cart,2026-04-10 00:32:30
U263,P039,click,2026-04-19 00:44:05
U263,P085,view,2026-04-18 18:41:45
U263,P014,view,2026-04-16 20:00:42
U263,P030,click,2026-04-16 09:23:56
U263,P003,click,2026-04-01 17:17:00
U263,P084,click,2026-04-02 00:14:08
U264,P011,view,2026-04-15 08:37:41
U264,P035,share,2026-04-16 07:03:46
U264,P079,view,2026-04-16 15:48:07
U264,P019,add_to_cart,2026-04-18 11:58:48
U264,P031,click,2026-04-11 23:03:15
U264,P009,click,2026-04-06 16:15:20
U264,P051,view,2026-04-13 11:50:09
U264,P013,add_to_cart,2026-04-03 12:57:24
U265,P051,click,2026-04-15 12:24:00
U265,P057,add_to_wishlist,2026-04-16 09:08:47
U265,P092,view,2026-04-05 04:47:28
U265,P040,click,2026-03-31 18:21:42
U265,P074,view,2026-04-10 20:07:50
U265,P054,view,2026-04-05 00:44:35
U265,P027,add_to_cart,2026-04-13 22:58:29
U265,P028,add_to_cart,2026-04-01 11:49:33
U265,P059,add_to_cart,2026-04-18 23:10:10
U265,P023,share,2026-04-02 07:02:07
U265,P010,rate,2026-04-04 04:32:43
U265,P083,add_to_cart,2026-04-12 20:01:28
U265,P091,add_to_cart,2026-04-01 12:24:34
U266,P039,click,2026-04-10 19:18:29
U266,P090,view,2026-04-05 19:29:36
U266,P006,review,2026-04-18 12:05:21
U266,P069,click,2026-04-09 23:44:38
U266,P031,add_to_cart,2026-04-17 09:03:04
U266,P059,rate,2026-04-10 22:50:18
U266,P054,view,2026-04-17 17:23:32
U266,P092,view,2026-04-07 01:46:31
U266,P072,click,2026-04-14 07:52:45
U266,P058,add_to_wishlist,2026-04-08 12:14:27
U266,P055,view,2026-04-18 17:13:16
U266,P013,add_to_cart,2026-03-31 22:59:26
U267,P061,purchase,2026-03-31 22:16:47
U267,P080,rate,2026-04-12 01:15:43
U267,P042,view,2026-04-17 07:56:54
U267,P060,review,2026-04-02 06:00:12
U267,P072,purchase,2026-04-19 04:16:11
U267,P084,add_to_cart,2026-03-31 06:59:49
U267,P005,view,2026-04-12 11:37:45
U267,P014,view,2026-04-12 22:43:33
U267,P063,add_to_wishlist,2026-04-10 01:55:42
U268,P083,purchase,2026-04-12 03:37:44
U268,P030,view,2026-04-06 04:04:31
U268,P067,add_to_cart,2026-04-02 15:01:34
U268,P093,add_to_cart,2026-04-19 12:59:15
U268,P016,click,2026-04-13 21:54:32
U268,P054,click,2026-04-11 17:41:39
U268,P069,purchase,2026-04-16 08:31:02
U268,P018,review,2026-04-06 08:14:13
U269,P027,view,2026-04-16 20:57:09
U269,P064,add_to_cart,2026-04-06 23:41:03
U269,P010,view,2026-04-15 13:39:33
U269,P062,add_to_wishlist,2026-04-09 19:45:17
U269,P082,click,2026-04-07 14:10:30
U269,P003,share,2026-04-15 06:38:24
U269,P042,add_to_cart,2026-04-18 02:22:16
U269,P048,click,2026-04-03 23:42:59
U269,P002,click,2026-04-09 20:26:45
U269,P039,click,2026-04-11 02:25:31
U269,P100,add_to_wishlist,2026-04-01 03:02:13
U269,P074,add_to_wishlist,2026-04-08 15:27:07
U269,P039,view,2026-04-17 16:08:01
U270,P023,click,2026-04-12 03:55:27
U270,P002,click,2026-04-13 22:51:10
U270,P028,add_to_cart,2026-04-10 03:30:18
U270,P047,add_to_cart,2026-04-01 01:08:15
U270,P027,view,2026-04-07 07:27:38
U270,P046,click,2026-04-17 16:07:11
U270,P073,click,2026-04-01 16:44:57
U270,P097,view,2026-04-16 09:30:46
U270,P078,add_to_wishlist,2026-04-03 02:46:57
U270,P026,click,2026-04-01 18:38:17
U270,P090,view,2026-04-13 08:23:17
U270,P068,add_to_wishlist,2026-04-03 16:53:18
U270,P059,view,2026-04-06 23:59:53
U271,P063,rate,2026-04-19 00:52:57
U271,P024,click,2026-04-04 05:52:09
U271,P075,add_to_wishlist,2026-04-15 10:11:15
U271,P043,view,2026-04-07 22:30:35
U271,P025,add_to_cart,2026-04-19 02:58:27
U271,P097,view,2026-04-16 09:46:53
U271,P052,view,2026-04-07 10:13:25
U271,P023,view,2026-04-17 11:53:53
U271,P073,add_to_wishlist,2026-04-14 05:34:24
U271,P056,click,2026-04-05 15:10:18
U271,P088,view,2026-04-03 10:46:05
U271,P092,click,2026-04-10 23:34:19
U271,P019,click,2026-04-07 06:34:43
U272,P003,add_to_wishlist,2026-04-10 10:33:56
U272,P017,purchase,2026-04-07 16:22:09
U272,P043,view,2026-04-05 07:58:43
U272,P008,click,2026-04-17 11:08:01
U272,P056,add_to_cart,2026-04-18 16:48:45
U272,P057,add_to_cart,2026-04-03 09:26:04
U272,P100,view,2026-04-07 10:33:57
U272,P043,view,2026-04-12 13:21:56
U272,P079,add_to_wishlist,2026-04-06 00:55:16
U272,P052,add_to_wishlist,2026-04-06 21:57:51
U273,P043,add_to_cart,2026-04-12 01:11:28
U273,P068,click,2026-04-14 12:30:19
U273,P042,click,2026-04-19 20:48:15
U273,P058,add_to_cart,2026-04-01 12:20:05
U273,P049,view,2026-04-06 18:20:15
U273,P025,view,2026-04-18 22:19:13
U273,P100,add_to_wishlist,2026-04-05 01:28:37
U273,P051,click,2026-04-09 03:27:58
U273,P014,click,2026-04-18 09:55:02
U273,P004,view,2026-04-01 11:31:31
U273,P079,view,2026-04-09 18:23:00
U274,P001,view,2026-04-15 16:28:56
U274,P020,view,2026-04-06 08:52:07
U274,P047,add_to_cart,2026-04-07 04:49:17
U274,P053,purchase,2026-04-06 19:25:46
U274,P082,review,2026-04-08 02:47:13
U274,P003,add_to_cart,2026-04-16 04:50:44
U274,P052,click,2026-04-16 02:29:33
U274,P091,view,2026-04-06 21:33:23
U274,P093,add_to_wishlist,2026-04-05 15:43:43
U274,P025,add_to_cart,2026-04-11 07:48:18
U274,P003,purchase,2026-04-06 02:24:28
U274,P064,view,2026-04-08 03:36:28
U274,P025,view,2026-04-10 01:42:03
U274,P017,click,2026-03-31 09:42:59
U274,P085,click,2026-04-06 00:49:43
U275,P008,click,2026-04-16 14:37:09
U275,P013,add_to_cart,2026-04-16 13:29:21
U275,P014,click,2026-04-18 03:12:31
U275,P093,view,2026-04-19 18:30:11
U275,P087,add_to_wishlist,2026-04-15 03:32:49
U275,P099,click,2026-04-18 23:16:53
U275,P009,rate,2026-04-11 22:47:16
U275,P018,view,2026-04-05 04:26:26
U275,P004,add_to_cart,2026-04-10 23:42:39
U275,P032,view,2026-04-14 11:39:18
U275,P039,purchase,2026-04-02 06:26:26
U275,P014,view,2026-04-02 20:18:05
U275,P056,view,2026-04-16 16:07:20
U276,P049,click,2026-04-09 14:23:46
U276,P085,click,2026-04-03 19:21:16
U276,P038,view,2026-04-09 08:51:59
U276,P049,view,2026-04-09 23:59:03
U276,P056,view,2026-04-09 05:25:25
U276,P086,add_to_cart,2026-04-12 23:53:39
U276,P017,rate,2026-04-17 06:19:37
U276,P011,click,2026-03-31 15:48:36
U276,P016,view,2026-04-14 15:46:21
U277,P042,click,2026-04-19 01:30:30
U277,P083,click,2026-04-17 01:03:14
U277,P064,view,2026-04-13 02:15:17
U277,P013,add_to_wishlist,2026-04-15 18:05:23
U277,P066,add_to_wishlist,2026-04-10 23:04:47
U277,P021,click,2026-04-16 16:09:55
U277,P018,purchase,2026-04-02 02:47:50
U277,P019,view,2026-04-09 13:51:02
U277,P070,click,2026-04-19 17:39:14
U277,P012,click,2026-04-15 08:23:05
U277,P022,view,2026-04-11 00:26:41
U277,P092,view,2026-04-08 04:41:53
U278,P027,view,2026-04-09 17:42:44
U278,P008,purchase,2026-03-31 01:03:10
U278,P023,view,2026-04-11 06:07:05
U278,P095,view,2026-04-05 09:01:28
U278,P016,view,2026-04-01 19:03:35
U278,P082,click,2026-03-31 19:52:38
U278,P081,view,2026-04-17 09:54:27
U278,P044,add_to_wishlist,2026-04-15 22:56:54
U278,P082,view,2026-04-11 18:02:58
U278,P031,purchase,2026-03-31 19:11:58
U279,P036,review,2026-04-16 03:33:28
U279,P032,click,2026-04-03 01:39:36
U279,P093,click,2026-04-05 09:37:54
U279,P041,view,2026-03-31 17:24:06
U279,P035,view,2026-03-31 05:04:43
U279,P060,add_to_cart,2026-04-01 08:23:54
U279,P020,add_to_cart,2026-04-11 07:08:53
U279,P011,view,2026-04-18 08:06:32
U279,P081,click,2026-04-19 08:25:21
U280,P024,purchase,2026-04-16 08:51:13
U280,P032,view,2026-04-14 23:51:30
U280,P076,view,2026-04-15 07:28:38
U280,P016,rate,2026-04-08 13:26:21
U280,P009,click,2026-04-03 17:33:08
U280,P008,view,2026-04-05 13:34:00
U280,P024,view,2026-04-08 02:10:33
U280,P044,view,2026-04-12 04:14:06
U280,P015,rate,2026-04-15 01:37:37
U280,P089,review,2026-04-07 17:18:53
U280,P068,click,2026-04-11 10:38:31
U280,P005,view,2026-04-19 05:38:54
U280,P061,add_to_cart,2026-04-17 10:46:06
U280,P011,view,2026-04-15 09:14:09
U280,P049,view,2026-04-09 20:31:15
U281,P095,view,2026-04-01 01:11:23
U281,P064,add_to_cart,2026-04-16 05:27:30
U281,P091,click,2026-04-19 05:48:55
U281,P093,view,2026-04-02 01:13:55
U281,P080,view,2026-04-08 04:37:18
U281,P071,click,2026-04-13 14:11:59
U281,P056,purchase,2026-03-31 10:41:11
U281,P033,add_to_wishlist,2026-04-01 16:50:43
U281,P088,add_to_cart,2026-04-01 13:45:56
U281,P091,view,2026-04-15 13:31:07
U281,P098,add_to_wishlist,2026-04-04 05:50:33
U281,P034,review,2026-04-02 02:12:03
U282,P040,click,2026-04-12 01:40:22
U282,P062,view,2026-04-17 20:02:09
U282,P011,view,2026-04-03 20:48:56
U282,P039,view,2026-04-01 07:33:27
U282,P016,view,2026-04-17 13:18:25
U282,P031,add_to_cart,2026-04-14 15:23:20
U282,P025,view,2026-04-02 10:05:42
U282,P063,view,2026-04-06 22:12:21
U282,P042,view,2026-04-11 00:44:56
U282,P087,view,2026-04-13 19:36:05
U282,P030,view,2026-04-08 03:02:28
U283,P050,view,2026-04-09 06:13:11
U283,P022,click,2026-04-17 01:41:42
U283,P019,add_to_cart,2026-04-16 06:39:21
U283,P095,view,2026-04-10 13:05:21
U283,P062,add_to_cart,2026-04-07 18:44:04
U283,P008,rate,2026-04-17 21:38:41
U283,P005,click,2026-04-14 17:15:30
U283,P079,view,2026-04-09 16:59:44
U284,P044,add_to_cart,2026-04-05 22:05:05
U284,P034,view,2026-04-19 17:20:54
U284,P067,review,2026-04-06 13:36:06
U284,P038,review,2026-04-10 15:59:37
U284,P004,add_to_cart,2026-04-02 17:09:32
U284,P046,add_to_cart,2026-04-02 00:41:35
U284,P029,click,2026-04-19 06:06:42
U284,P029,click,2026-04-03 11:57:09
U284,P064,view,2026-04-18 13:49:01
U284,P038,purchase,2026-04-14 10:46:30
U284,P022,rate,2026-04-01 11:43:56
U284,P075,add_to_wishlist,2026-04-14 03:58:30
U284,P047,rate,2026-04-05 08:16:15
U284,P063,add_to_cart,2026-04-13 10:44:32
U284,P062,view,2026-04-08 00:43:09
U285,P015,add_to_wishlist,2026-04-19 23:48:13
U285,P032,click,2026-04-10 14:47:56
U285,P012,view,2026-04-06 01:01:04
U285,P097,click,2026-04-06 02:28:24
U285,P091,click,2026-04-03 21:01:28
U285,P075,view,2026-04-02 11:59:19
U285,P098,click,2026-04-14 02:31:07
U285,P021,add_to_cart,2026-04-02 08:47:32
U285,P024,view,2026-04-09 00:01:23
U285,P065,share,2026-04-18 22:08:27
U285,P095,add_to_wishlist,2026-04-09 11:40:24
U286,P009,rate,2026-04-02 19:45:55
U286,P046,view,2026-04-14 17:56:45
U286,P063,click,2026-04-07 01:33:36
U286,P051,click,2026-04-02 00:46:15
U286,P053,add_to_cart,2026-04-06 21:33:56
U286,P089,view,2026-04-14 14:47:52
U286,P052,add_to_cart,2026-04-06 23:09:16
U286,P013,click,2026-04-19 01:57:48
U286,P089,add_to_wishlist,2026-04-07 17:47:58
U286,P088,add_to_cart,2026-04-15 12:01:22
U286,P024,purchase,2026-04-08 07:26:22
U286,P065,view,2026-04-03 17:59:50
U286,P098,click,2026-04-04 12:19:38
U287,P067,purchase,2026-04-01 21:51:41
U287,P014,view,2026-04-01 03:50:17
U287,P049,add_to_cart,2026-04-19 10:27:26
U287,P045,click,2026-04-01 08:35:27
U287,P019,view,2026-04-13 01:28:31
U287,P041,add_to_wishlist,2026-04-19 14:03:47
U287,P065,click,2026-04-10 02:51:40
U287,P084,click,2026-04-14 14:06:23
U287,P080,add_to_cart,2026-04-16 21:29:58
U287,P053,rate,2026-04-15 14:51:09
U287,P067,add_to_cart,2026-04-15 03:26:40
U288,P075,click,2026-04-02 15:05:18
U288,P030,purchase,2026-04-18 17:52:56
U288,P014,purchase,2026-04-07 19:31:14
U288,P067,view,2026-04-08 06:04:15
U288,P064,click,2026-04-15 02:42:49
U288,P091,add_to_cart,2026-04-06 07:35:32
U288,P008,share,2026-04-13 23:50:38
U288,P091,view,2026-04-08 17:12:41
U288,P023,view,2026-04-09 21:29:22
U288,P001,view,2026-04-06 14:12:32
U289,P079,view,2026-04-18 02:48:31
U289,P081,add_to_cart,2026-04-19 00:11:56
U289,P067,add_to_wishlist,2026-04-19 16:03:56
U289,P028,view,2026-04-10 23:43:55
U289,P065,purchase,2026-03-31 10:44:04
U289,P021,view,2026-04-15 20:04:26
U289,P082,click,2026-04-03 03:42:46
U289,P054,add_to_cart,2026-04-14 12:47:20
U289,P004,click,2026-04-05 00:01:54
U289,P091,view,2026-04-13 10:58:15
U290,P073,add_to_wishlist,2026-04-03 07:34:47
U290,P080,click,2026-04-10 04:35:47
U290,P063,purchase,2026-04-18 00:25:18
U290,P097,rate,2026-04-04 00:03:57
U290,P034,click,2026-04-19 05:13:45
U290,P091,click,2026-04-15 14:40:34
U290,P086,view,2026-04-01 00:25:41
U290,P063,click,2026-04-12 22:07:37
U290,P047,purchase,2026-04-01 02:00:49
U290,P094,click,2026-04-14 07:59:34
U290,P058,add_to_wishlist,2026-04-14 00:17:37
U290,P068,add_to_cart,2026-04-06 23:18:23
U290,P095,purchase,2026-04-14 05:31:30
U290,P052,click,2026-04-09 01:31:53
U290,P048,click,2026-04-01 18:13:30
U291,P088,add_to_wishlist,2026-04-01 11:02:17
U291,P007,view,2026-04-01 14:02:09
U291,P018,view,2026-04-05 05:27:42
U291,P037,add_to_cart,2026-04-16 15:51:55
U291,P086,add_to_cart,2026-04-03 13:35:20
U291,P032,view,2026-04-05 00:04:11
U291,P089,view,2026-04-11 20:48:06
U291,P015,view,2026-04-10 15:35:32
U291,P036,share,2026-04-19 22:03:22
U291,P025,click,2026-04-15 05:24:54
U291,P015,click,2026-04-09 19:20:37
U291,P024,add_to_wishlist,2026-04-12 09:09:01
U291,P064,review,2026-04-05 04:48:30
U292,P035,add_to_cart,2026-04-11 08:31:08
U292,P049,view,2026-04-03 11:33:44
U292,P030,click,2026-04-16 17:56:17
U292,P048,rate,2026-04-14 03:57:16
U292,P034,click,2026-04-18 09:11:40
U292,P090,view,2026-04-02 03:01:55
U292,P081,view,2026-04-08 10:49:12
U292,P084,add_to_cart,2026-04-08 07:50:00
U292,P059,add_to_wishlist,2026-04-03 06:42:19
U292,P039,click,2026-04-04 04:47:19
U292,P038,add_to_wishlist,2026-04-13 12:00:07
U292,P077,click,2026-04-16 03:14:53
U292,P052,add_to_cart,2026-04-17 14:46:01
U292,P044,add_to_cart,2026-04-14 22:46:15
U293,P072,click,2026-04-12 14:46:29
U293,P034,view,2026-04-09 14:05:43
U293,P056,view,2026-04-16 12:53:22
U293,P007,click,2026-04-09 20:17:48
U293,P021,add_to_cart,2026-04-02 04:19:34
U293,P011,add_to_cart,2026-04-17 22:35:33
U293,P089,share,2026-04-08 01:51:09
U293,P052,rate,2026-04-01 05:08:48
U293,P053,add_to_wishlist,2026-04-04 23:09:06
U293,P048,click,2026-04-05 21:46:15
U294,P082,click,2026-04-13 11:49:23
U294,P002,view,2026-04-01 10:38:39
U294,P095,view,2026-04-02 17:32:40
U294,P045,view,2026-04-19 05:48:42
U294,P004,purchase,2026-04-13 23:39:05
U294,P037,view,2026-04-11 21:50:18
U294,P041,add_to_cart,2026-04-11 09:15:22
U294,P026,purchase,2026-04-04 14:24:38
U294,P079,click,2026-04-13 07:40:24
U294,P018,add_to_wishlist,2026-03-31 00:24:41
U294,P091,add_to_cart,2026-04-04 05:20:07
U294,P072,view,2026-04-18 07:57:39
U294,P081,share,2026-04-05 15:18:39
U294,P096,click,2026-04-07 22:54:00
U294,P052,share,2026-04-01 17:24:08
U295,P030,rate,2026-04-01 11:18:29
U295,P078,add_to_cart,2026-04-16 19:58:46
U295,P056,purchase,2026-04-07 04:45:11
U295,P091,review,2026-04-17 11:10:29
U295,P084,click,2026-04-10 16:37:40
U295,P020,view,2026-04-04 18:55:27
U295,P006,view,2026-04-14 01:22:35
U295,P090,add_to_cart,2026-04-11 13:25:27
U295,P078,view,2026-04-19 14:11:07
U295,P086,add_to_cart,2026-04-06 17:05:10
U296,P031,add_to_wishlist,2026-04-11 19:44:08
U296,P064,add_to_cart,2026-04-01 06:59:41
U296,P030,view,2026-04-13 06:54:02
U296,P075,view,2026-04-07 09:36:58
U296,P020,view,2026-04-09 07:50:56
U296,P004,add_to_cart,2026-04-13 22:46:31
U296,P097,view,2026-04-18 04:37:59
U296,P001,add_to_wishlist,2026-04-06 07:49:10
U296,P009,view,2026-04-14 18:41:09
U296,P057,view,2026-04-15 09:14:20
U297,P041,view,2026-04-17 20:37:25
U297,P042,add_to_cart,2026-04-12 20:23:47
U297,P019,add_to_cart,2026-04-11 08:51:07
U297,P007,add_to_wishlist,2026-04-11 02:31:28
U297,P012,view,2026-04-09 07:00:06
U297,P067,add_to_cart,2026-04-05 09:07:15
U297,P019,add_to_wishlist,2026-04-16 00:44:33
U297,P059,click,2026-04-14 00:35:46
U298,P044,click,2026-04-08 06:49:43
U298,P016,view,2026-04-11 21:37:09
U298,P081,add_to_cart,2026-04-06 09:16:34
U298,P096,view,2026-04-10 23:06:49
U298,P001,click,2026-03-31 12:44:50
U298,P008,view,2026-04-12 09:08:25
U298,P029,view,2026-04-19 23:28:45
U298,P089,view,2026-03-31 15:25:13
U298,P080,add_to_wishlist,2026-04-16 16:29:10
U298,P026,add_to_cart,2026-04-17 11:09:42
U298,P080,view,2026-04-10 16:54:04
U299,P044,view,2026-04-12 22:40:27
U299,P079,click,2026-04-11 07:53:00
U299,P052,add_to_cart,2026-04-05 06:02:24
U299,P043,click,2026-04-08 20:56:42
U299,P008,add_to_wishlist,2026-04-18 18:09:25
U299,P018,click,2026-04-15 15:21:52
U299,P091,view,2026-04-18 21:48:27
U299,P032,view,2026-04-10 09:44:28
U299,P075,click,2026-04-18 07:26:51
U299,P080,click,2026-04-05 20:47:59
U299,P018,purchase,2026-04-11 03:33:15
U299,P058,add_to_wishlist,2026-04-13 13:23:27
U299,P054,view,2026-04-13 23:26:04
U300,P090,view,2026-04-07 12:21:24
U300,P020,rate,2026-04-18 17:34:18
U300,P013,view,2026-04-05 06:47:40
U300,P047,add_to_wishlist,2026-04-03 18:08:10
U300,P039,view,2026-04-16 10:16:01
U300,P084,view,2026-04-06 02:16:36
U300,P044,add_to_cart,2026-04-03 17:18:32
U300,P057,view,2026-04-15 05:32:19
U300,P038,view,2026-04-03 20:39:36
U300,P049,click,2026-04-19 17:14:21
U300,P039,add_to_cart,2026-04-12 17:46:58
U300,P015,share,2026-04-04 16:27:23
U300,P033,click,2026-04-13 14:51:12
U300,P009,add_to_wishlist,2026-04-06 03:45:13
U300,P047,view,2026-04-08 14:34:05
U301,P041,view,2026-04-16 05:33:54
U301,P086,click,2026-04-13 04:38:36
U301,P003,view,2026-04-06 08:53:46
U301,P059,add_to_cart,2026-04-12 20:24:07
U301,P061,rate,2026-04-01 14:47:09
U301,P016,view,2026-04-18 15:14:55
U301,P065,purchase,2026-04-14 12:16:02
U301,P027,view,2026-04-14 16:50:06
U301,P083,view,2026-04-17 06:08:27
U301,P015,view,2026-03-31 19:42:07
U302,P029,click,2026-04-12 08:16:33
U302,P032,add_to_wishlist,2026-04-17 21:48:38
U302,P098,purchase,2026-04-02 19:34:51
U302,P035,click,2026-03-31 10:25:09
U302,P036,view,2026-04-01 02:24:01
U302,P057,share,2026-04-13 22:30:05
U302,P003,add_to_wishlist,2026-04-04 05:38:45
U302,P026,view,2026-04-07 01:46:16
U302,P070,add_to_cart,2026-04-11 02:40:25
U302,P090,click,2026-04-08 03:37:58
U302,P054,view,2026-04-12 11:43:11
U302,P059,add_to_cart,2026-04-03 11:27:31
U302,P055,view,2026-04-03 09:29:07
U302,P035,purchase,2026-04-15 17:14:09
U303,P097,purchase,2026-04-07 00:08:48
U303,P067,click,2026-04-07 22:44:24
U303,P092,purchase,2026-04-02 00:42:18
U303,P026,click,2026-04-17 16:14:38
U303,P028,add_to_cart,2026-04-13 14:30:08
U303,P029,view,2026-04-04 09:56:37
U303,P060,click,2026-04-01 12:03:49
U303,P076,review,2026-04-08 00:05:27
U303,P032,view,2026-04-08 15:29:37
U303,P038,view,2026-04-08 05:39:17
U303,P060,review,2026-04-03 04:54:24
U303,P042,share,2026-03-31 11:09:49
U304,P039,add_to_wishlist,2026-04-03 06:47:59
U304,P047,add_to_wishlist,2026-04-05 04:57:49
U304,P016,click,2026-04-07 17:03:30
U304,P048,view,2026-04-05 23:58:40
U304,P041,add_to_wishlist,2026-04-11 17:50:29
U304,P021,add_to_wishlist,2026-04-10 16:11:45
U304,P005,click,2026-04-06 16:21:19
U304,P016,view,2026-04-04 02:35:49
U304,P062,add_to_wishlist,2026-04-04 22:57:10
U304,P065,view,2026-04-14 10:09:55
U304,P029,view,2026-04-13 03:02:11
U304,P089,add_to_wishlist,2026-04-04 00:53:47
U304,P014,view,2026-04-06 14:05:04
U305,P026,review,2026-04-14 20:58:35
U305,P095,view,2026-04-18 13:46:41
U305,P086,click,2026-04-11 05:48:32
U305,P099,view,2026-04-10 08:50:29
U305,P036,click,2026-04-14 05:50:29
U305,P027,view,2026-04-10 19:12:44
U305,P024,add_to_wishlist,2026-04-12 21:36:46
U305,P078,add_to_wishlist,2026-04-16 20:50:35
U306,P013,view,2026-04-05 23:47:34
U306,P048,view,2026-03-31 06:48:37
U306,P020,view,2026-04-12 11:38:59
U306,P074,review,2026-04-11 12:40:29
U306,P025,view,2026-04-09 08:38:49
U306,P090,review,2026-04-17 01:05:39
U306,P096,add_to_cart,2026-04-10 07:48:52
U306,P033,add_to_wishlist,2026-04-03 18:09:57
U306,P058,view,2026-04-05 00:22:21
U306,P056,view,2026-03-31 11:46:41
U306,P029,click,2026-04-07 22:22:47
U306,P100,click,2026-04-02 10:44:56
U307,P015,add_to_cart,2026-04-19 15:02:35
U307,P049,rate,2026-04-10 15:22:59
U307,P065,view,2026-04-16 19:57:58
U307,P084,view,2026-04-09 07:28:17
U307,P065,add_to_cart,2026-04-03 15:35:44
U307,P026,add_to_wishlist,2026-04-11 01:53:20
U307,P031,view,2026-04-10 05:16:43
U307,P090,click,2026-04-03 14:24:29
U307,P002,add_to_wishlist,2026-04-17 20:09:58
U308,P092,view,2026-03-31 04:47:47
U308,P039,rate,2026-04-08 04:57:05
U308,P010,add_to_cart,2026-04-05 03:04:57
U308,P068,view,2026-04-11 07:07:40
U308,P005,add_to_wishlist,2026-04-09 17:20:35
U308,P051,click,2026-04-10 05:08:14
U308,P039,add_to_wishlist,2026-03-31 10:47:50
U308,P076,add_to_wishlist,2026-04-14 22:46:44
U308,P029,click,2026-04-03 08:20:02
U309,P096,click,2026-04-03 18:19:26
U309,P022,view,2026-04-15 08:26:12
U309,P055,click,2026-04-10 05:26:53
U309,P006,add_to_wishlist,2026-04-13 13:42:48
U309,P004,view,2026-04-08 10:46:04
U309,P051,view,2026-04-15 22:38:36
U309,P051,rate,2026-04-11 15:41:53
U309,P021,click,2026-04-05 12:58:50
U309,P033,view,2026-04-17 15:04:30
U309,P025,purchase,2026-04-06 18:28:33
U309,P099,purchase,2026-04-10 10:06:47
U309,P064,click,2026-04-18 21:48:13
U309,P054,view,2026-04-14 14:30:21
U310,P008,purchase,2026-04-12 03:44:19
U310,P074,add_to_cart,2026-04-09 09:28:48
U310,P047,purchase,2026-04-06 08:21:00
U310,P040,view,2026-04-10 17:05:28
U310,P007,view,2026-04-19 00:49:45
U310,P035,click,2026-04-05 16:22:08
U310,P081,purchase,2026-04-18 10:11:18
U310,P069,add_to_wishlist,2026-04-11 16:24:53
U310,P033,add_to_wishlist,2026-04-08 19:53:47
U310,P088,rate,2026-04-11 15:23:08
U310,P058,click,2026-04-09 21:58:54
U311,P048,view,2026-04-11 22:09:11
U311,P010,view,2026-03-31 23:25:00
U311,P022,add_to_cart,2026-04-02 21:14:36
U311,P048,click,2026-04-05 08:52:47
U311,P073,view,2026-04-01 03:07:39
U311,P081,view,2026-04-16 17:15:19
U311,P086,view,2026-04-16 07:38:06
U311,P080,view,2026-04-02 03:21:32
U311,P046,view,2026-04-17 17:48:40
U312,P023,add_to_cart,2026-04-17 11:20:45
U312,P100,add_to_wishlist,2026-04-07 06:40:50
U312,P093,view,2026-04-14 13:51:42
U312,P071,view,2026-04-14 18:35:42
U312,P030,view,2026-04-10 19:33:07
U312,P043,rate,2026-04-04 05:13:01
U312,P046,add_to_wishlist,2026-03-31 04:58:28
U312,P038,add_to_wishlist,2026-04-01 18:51:21
U312,P013,click,2026-04-15 12:53:10
U313,P064,click,2026-03-31 19:32:06
U313,P043,click,2026-04-10 00:30:51
U313,P060,view,2026-04-16 22:21:10
U313,P099,add_to_wishlist,2026-04-14 08:51:11
U313,P078,add_to_wishlist,2026-04-13 17:28:44
U313,P052,view,2026-04-11 22:52:45
U313,P003,view,2026-04-18 02:07:44
U313,P049,share,2026-04-05 12:26:19
U313,P035,purchase,2026-04-05 01:08:25
U313,P036,view,2026-04-11 22:56:22
U313,P038,click,2026-04-11 19:31:29
U313,P084,view,2026-04-12 05:25:22
U314,P054,click,2026-04-13 14:47:19
U314,P058,view,2026-04-01 03:29:40
U314,P033,view,2026-04-04 20:49:54
U314,P088,click,2026-04-14 10:02:37
U314,P064,view,2026-04-12 07:03:18
U314,P019,view,2026-04-06 01:49:36
U314,P078,add_to_cart,2026-04-06 04:17:38
U314,P007,rate,2026-04-08 22:26:28
U314,P036,click,2026-04-18 23:50:13
U314,P033,review,2026-04-03 14:22:07
U314,P069,click,2026-04-13 18:20:48
U314,P012,view,2026-04-03 22:38:43
U314,P079,add_to_wishlist,2026-04-04 11:32:05
U314,P003,view,2026-03-31 12:32:03
U315,P050,click,2026-04-08 04:53:37
U315,P087,add_to_cart,2026-04-03 07:48:59
U315,P062,view,2026-04-07 02:55:03
U315,P031,share,2026-04-18 03:28:43
U315,P046,add_to_wishlist,2026-04-13 02:28:30
U315,P080,rate,2026-04-19 03:13:37
U315,P089,share,2026-04-06 14:29:06
U315,P040,view,2026-04-01 08:12:41
U315,P011,view,2026-04-14 01:00:31
U315,P019,add_to_cart,2026-04-06 15:45:27
U315,P059,view,2026-04-03 15:11:26
U315,P076,add_to_wishlist,2026-04-06 19:37:45
U316,P048,purchase,2026-04-14 09:29:27
U316,P097,share,2026-04-16 15:09:53
U316,P020,add_to_wishlist,2026-04-08 02:01:56
U316,P056,add_to_cart,2026-04-04 03:12:19
U316,P087,add_to_wishlist,2026-04-17 06:41:31
U316,P081,view,2026-04-12 21:29:20
U316,P087,view,2026-04-05 19:33:18
U316,P026,click,2026-04-03 09:34:23
U316,P079,add_to_cart,2026-04-12 03:23:45
U316,P054,add_to_wishlist,2026-04-01 05:16:00
U316,P008,view,2026-04-07 21:35:11
U317,P050,rate,2026-04-07 21:40:30
U317,P032,add_to_wishlist,2026-04-17 15:52:44
U317,P042,add_to_cart,2026-04-19 09:01:13
U317,P018,purchase,2026-04-08 00:39:50
U317,P073,click,2026-04-11 14:52:56
U317,P014,click,2026-03-31 19:22:46
U317,P002,view,2026-04-09 16:12:37
U317,P098,view,2026-04-02 21:51:02
U317,P093,view,2026-04-15 02:05:59
U317,P058,add_to_cart,2026-04-03 16:34:50
U317,P017,click,2026-04-17 16:41:26
U317,P047,rate,2026-04-17 16:48:21
U317,P056,click,2026-04-17 00:14:46
U318,P060,click,2026-04-08 18:10:37
U318,P047,add_to_cart,2026-04-18 14:02:17
U318,P007,view,2026-03-31 15:13:53
U318,P091,click,2026-04-01 14:14:47
U318,P002,view,2026-04-02 22:03:40
U318,P036,click,2026-04-06 18:01:57
U318,P041,view,2026-04-10 05:51:36
U318,P016,add_to_cart,2026-04-17 09:13:56
U319,P093,review,2026-04-09 04:48:16
U319,P064,view,2026-04-07 12:09:58
U319,P064,click,2026-04-06 06:01:10
U319,P094,review,2026-04-14 11:17:22
U319,P047,add_to_cart,2026-04-02 02:18:54
U319,P012,add_to_cart,2026-04-18 23:37:36
U319,P071,review,2026-04-03 04:17:36
U319,P032,rate,2026-04-08 04:32:43
U319,P081,add_to_cart,2026-04-05 04:09:02
U320,P069,add_to_wishlist,2026-04-05 19:11:12
U320,P041,view,2026-04-02 05:15:35
U320,P060,view,2026-04-03 09:03:55
U320,P026,view,2026-04-04 09:02:32
U320,P076,add_to_wishlist,2026-04-17 02:17:30
U320,P045,view,2026-04-14 14:56:28
U320,P059,view,2026-04-14 15:34:37
U320,P016,view,2026-04-16 05:42:31
U320,P014,click,2026-04-16 06:42:52
U320,P041,click,2026-04-01 03:22:13
U320,P079,rate,2026-04-13 18:38:20
U321,P020,click,2026-04-08 12:44:48
U321,P010,view,2026-04-01 14:31:33
U321,P082,view,2026-04-12 23:51:29
U321,P073,add_to_cart,2026-04-11 18:25:55
U321,P022,view,2026-04-03 00:14:03
U321,P091,view,2026-04-18 23:12:55
U321,P040,add_to_cart,2026-04-10 21:22:18
U321,P018,view,2026-04-13 20:05:53
U321,P034,view,2026-04-15 08:25:31
U321,P047,click,2026-04-06 02:40:04
U321,P004,click,2026-04-09 07:35:40
U321,P045,purchase,2026-04-09 09:02:59
U321,P056,view,2026-04-10 17:07:07
U322,P013,click,2026-04-11 18:26:00
U322,P070,add_to_wishlist,2026-04-08 10:30:30
U322,P059,view,2026-04-18 19:08:43
U322,P073,view,2026-04-11 12:37:18
U322,P017,rate,2026-04-10 00:51:16
U322,P049,add_to_cart,2026-03-31 02:37:11
U322,P048,add_to_cart,2026-04-10 08:24:04
U322,P044,view,2026-04-16 09:09:46
U322,P012,click,2026-04-08 03:17:35
U322,P100,add_to_cart,2026-04-09 16:23:07
U323,P071,view,2026-03-31 13:59:28
U323,P057,view,2026-04-03 08:10:33
U323,P066,view,2026-04-07 01:13:50
U323,P011,view,2026-04-06 22:48:17
U323,P098,click,2026-04-16 20:06:14
U323,P087,view,2026-04-11 01:24:47
U323,P025,view,2026-04-16 15:12:31
U323,P092,view,2026-04-01 17:25:11
U323,P022,click,2026-04-06 05:20:14
U324,P086,view,2026-04-13 22:24:00
U324,P018,rate,2026-04-17 02:22:56
U324,P015,review,2026-04-16 11:43:23
U324,P087,review,2026-04-13 21:39:44
U324,P047,add_to_wishlist,2026-04-16 08:31:42
U324,P047,view,2026-04-11 17:56:08
U324,P048,share,2026-04-11 04:42:40
U324,P057,add_to_cart,2026-04-05 06:08:37
U324,P045,view,2026-04-19 15:23:17
U324,P033,add_to_cart,2026-04-02 13:47:58
U324,P019,share,2026-04-02 19:44:57
U324,P021,click,2026-04-17 17:41:11
U324,P046,view,2026-04-09 05:41:13
U325,P028,click,2026-04-13 12:11:47
U325,P015,add_to_wishlist,2026-04-14 15:11:55
U325,P020,click,2026-04-11 13:15:50
U325,P069,click,2026-04-02 01:34:21
U325,P014,click,2026-04-02 02:59:16
U325,P012,click,2026-03-31 19:31:29
U325,P018,view,2026-04-11 05:29:47
U325,P069,add_to_cart,2026-04-08 23:44:40
U325,P070,add_to_wishlist,2026-04-19 06:25:01
U325,P007,purchase,2026-04-15 08:22:53
U325,P037,review,2026-04-18 08:26:21
U325,P078,view,2026-04-18 10:43:19
U326,P092,view,2026-04-18 16:54:56
U326,P055,click,2026-04-18 21:46:16
U326,P028,view,2026-04-17 21:01:29
U326,P062,click,2026-04-12 18:35:14
U326,P032,add_to_cart,2026-04-08 22:24:23
U326,P028,add_to_cart,2026-04-04 08:53:19
U326,P046,purchase,2026-04-09 00:26:44
U326,P061,view,2026-04-03 22:05:19
U327,P012,add_to_wishlist,2026-04-04 22:52:14
U327,P066,click,2026-04-04 17:05:36
U327,P084,add_to_wishlist,2026-04-04 21:55:20
U327,P072,share,2026-04-16 03:44:15
U327,P075,view,2026-04-17 00:34:32
U327,P057,click,2026-03-31 23:43:35
U327,P095,add_to_cart,2026-04-10 03:59:59
U327,P050,click,2026-04-13 14:22:20
U327,P075,purchase,2026-04-01 22:05:35
U327,P009,rate,2026-04-10 10:01:33
U328,P042,click,2026-04-08 11:16:52
U328,P009,view,2026-04-05 01:00:30
U328,P025,click,2026-04-14 11:24:54
U328,P007,review,2026-04-15 09:19:11
U328,P050,add_to_wishlist,2026-03-31 13:18:52
U328,P042,review,2026-04-13 10:18:41
U328,P006,view,2026-04-05 11:45:52
U328,P095,click,2026-03-31 11:36:27
U329,P099,share,2026-04-12 20:34:51
U329,P004,review,2026-04-10 14:02:49
U329,P044,view,2026-04-13 08:12:13
U329,P065,view,2026-04-17 09:36:31
U329,P025,view,2026-03-31 06:35:11
U329,P035,view,2026-04-02 07:29:11
U329,P051,add_to_cart,2026-04-12 00:56:47
U329,P044,view,2026-04-09 12:40:42
U329,P054,view,2026-04-13 03:48:43
U330,P025,view,2026-04-10 05:45:47
U330,P071,add_to_cart,2026-04-09 17:17:46
U330,P090,view,2026-04-03 10:27:19
U330,P059,view,2026-04-04 01:55:08
U330,P088,click,2026-04-16 23:57:05
U330,P038,view,2026-04-09 19:23:04
U330,P070,view,2026-04-19 16:20:30
U330,P020,review,2026-04-14 21:39:12
U330,P003,click,2026-04-12 09:14:44
U330,P078,purchase,2026-04-05 22:19:47
U330,P088,view,2026-04-06 12:49:51
U330,P026,view,2026-04-10 03:22:12
U330,P015,click,2026-04-07 18:41:18
U330,P017,click,2026-04-14 11:09:06
U331,P096,add_to_cart,2026-04-02 17:26:46
U331,P029,view,2026-04-18 18:34:18
U331,P063,click,2026-04-14 06:08:04
U331,P079,rate,2026-04-02 18:45:29
U331,P026,click,2026-04-06 11:20:04
U331,P037,view,2026-03-31 03:31:22
U331,P017,add_to_cart,2026-04-01 18:02:19
U331,P055,view,2026-04-03 17:39:22
U331,P022,purchase,2026-04-05 12:46:04
U331,P004,add_to_cart,2026-04-14 11:17:30
U332,P099,add_to_wishlist,2026-04-18 06:40:59
U332,P082,add_to_cart,2026-04-14 04:55:28
U332,P076,click,2026-04-16 12:42:50
U332,P028,add_to_cart,2026-04-06 15:24:37
U332,P031,view,2026-04-03 04:41:17
U332,P081,view,2026-04-15 16:50:08
U332,P057,add_to_cart,2026-04-04 06:26:42
U332,P028,view,2026-04-12 15:18:03
U332,P076,view,2026-04-18 05:50:33
U332,P060,click,2026-04-19 10:01:56
U332,P032,add_to_cart,2026-04-17 07:11:01
U332,P087,rate,2026-04-03 14:43:15
U332,P045,add_to_wishlist,2026-04-17 01:22:52
U332,P041,review,2026-04-06 17:48:39
U332,P038,add_to_wishlist,2026-04-05 19:18:04
U333,P025,rate,2026-04-19 11:14:58
U333,P029,view,2026-04-08 17:57:01
U333,P049,view,2026-04-15 06:57:48
U333,P046,view,2026-04-13 03:32:02
U333,P043,view,2026-04-04 23:17:01
U333,P091,purchase,2026-04-10 03:56:35
U333,P054,click,2026-04-06 14:35:47
U333,P091,add_to_cart,2026-04-16 22:50:54
U333,P014,view,2026-04-17 08:02:03
U333,P001,view,2026-03-31 01:20:42
U333,P059,click,2026-04-05 07:55:51
U333,P031,click,2026-04-13 17:00:50
U333,P081,click,2026-04-04 03:39:37
U334,P033,click,2026-04-17 09:36:14
U334,P036,click,2026-04-16 17:36:18
U334,P058,view,2026-04-04 23:47:29
U334,P073,click,2026-04-13 02:32:12
U334,P070,add_to_cart,2026-04-17 08:26:08
U334,P024,click,2026-04-02 21:49:48
U334,P080,click,2026-04-14 01:50:03
U334,P017,share,2026-04-19 15:22:38
U334,P098,view,2026-04-12 07:52:28
U334,P016,view,2026-04-05 13:23:50
U334,P044,add_to_wishlist,2026-04-03 08:36:55
U334,P032,review,2026-04-11 09:59:56
U334,P014,view,2026-04-06 08:37:55
U334,P050,view,2026-04-18 17:41:30
U334,P064,view,2026-04-19 01:18:59
U335,P085,click,2026-04-14 04:25:47
U335,P080,click,2026-03-31 17:57:49
U335,P097,add_to_cart,2026-04-17 04:57:38
U335,P013,review,2026-04-08 04:26:19
U335,P056,add_to_cart,2026-04-16 03:14:45
U335,P054,view,2026-04-08 10:32:23
U335,P050,view,2026-03-31 18:13:26
U335,P093,view,2026-03-31 13:05:29
U335,P055,review,2026-04-09 22:40:48
U335,P086,add_to_cart,2026-04-03 02:22:37
U336,P071,view,2026-04-13 12:55:25
U336,P066,click,2026-04-04 10:40:06
U336,P035,click,2026-04-03 07:46:04
U336,P010,view,2026-04-13 16:15:59
U336,P005,add_to_wishlist,2026-04-10 02:56:20
U336,P065,view,2026-04-05 05:00:27
U336,P065,add_to_cart,2026-04-14 06:21:28
U336,P078,click,2026-04-04 14:05:40
U336,P031,view,2026-04-16 20:21:30
U336,P074,add_to_cart,2026-04-10 20:29:17
U336,P100,add_to_wishlist,2026-04-15 02:39:28
U337,P028,view,2026-03-31 20:59:31
U337,P067,view,2026-04-13 05:17:48
U337,P026,click,2026-04-04 23:35:56
U337,P040,click,2026-04-03 03:58:19
U337,P084,add_to_cart,2026-04-06 05:58:27
U337,P026,view,2026-03-31 00:33:29
U337,P092,add_to_cart,2026-04-10 09:56:59
U337,P076,review,2026-04-13 03:39:17
U337,P065,add_to_cart,2026-04-02 12:59:30
U337,P042,view,2026-04-16 20:05:57
U337,P059,view,2026-04-06 19:54:50
U337,P084,add_to_wishlist,2026-04-13 04:33:02
U338,P079,click,2026-04-19 23:23:22
U338,P079,rate,2026-04-11 21:39:39
U338,P008,add_to_wishlist,2026-04-10 07:02:36
U338,P098,add_to_cart,2026-04-04 20:02:24
U338,P095,add_to_wishlist,2026-04-06 16:35:24
U338,P059,share,2026-04-01 00:27:37
U338,P039,view,2026-04-19 06:58:29
U338,P052,add_to_cart,2026-04-17 15:09:58
U338,P096,view,2026-04-02 04:15:36
U338,P051,add_to_cart,2026-04-02 19:04:50
U338,P039,rate,2026-03-31 06:40:17
U338,P051,add_to_wishlist,2026-04-07 19:40:06
U338,P009,click,2026-04-06 14:57:49
U339,P002,click,2026-04-11 14:56:03
U339,P043,add_to_cart,2026-04-01 15:05:38
U339,P003,review,2026-04-10 08:19:42
U339,P055,view,2026-04-03 10:44:58
U339,P080,add_to_wishlist,2026-04-12 19:38:14
U339,P032,view,2026-04-15 08:11:59
U339,P063,click,2026-04-07 00:49:46
U339,P099,click,2026-04-18 06:49:02
U339,P052,rate,2026-04-03 10:48:54
U339,P080,purchase,2026-04-06 01:29:49
U339,P085,view,2026-04-04 13:58:15
U339,P056,click,2026-03-31 07:08:07
U339,P069,click,2026-04-07 03:24:08
U339,P091,view,2026-04-11 22:34:21
U340,P007,add_to_cart,2026-04-15 15:54:59
U340,P085,view,2026-04-14 15:43:39
U340,P060,view,2026-04-18 06:04:02
U340,P046,add_to_cart,2026-04-07 09:11:36
U340,P060,add_to_cart,2026-04-18 17:51:08
U340,P023,rate,2026-04-18 17:44:25
U340,P014,view,2026-04-10 19:44:01
U340,P074,rate,2026-04-08 23:52:16
U340,P077,click,2026-04-18 21:00:18
U340,P005,click,2026-04-10 14:25:56
U340,P086,rate,2026-04-01 07:41:45
U340,P057,click,2026-04-06 13:32:10
U340,P048,view,2026-03-31 09:11:43
U341,P055,click,2026-04-13 12:23:23
U341,P060,add_to_wishlist,2026-03-31 01:58:11
U341,P093,click,2026-04-04 09:39:16
U341,P050,review,2026-04-07 22:14:58
U341,P064,purchase,2026-04-11 02:48:02
U341,P044,view,2026-04-09 22:11:28
U341,P097,add_to_wishlist,2026-04-01 07:13:32
U341,P077,click,2026-04-18 19:51:30
U342,P076,add_to_cart,2026-04-14 05:30:21
U342,P096,add_to_wishlist,2026-04-17 11:11:00
U342,P014,share,2026-04-19 16:22:32
U342,P081,view,2026-04-02 00:29:14
U342,P032,view,2026-04-09 07:42:36
U342,P049,view,2026-04-01 14:41:54
U342,P076,click,2026-03-31 09:41:35
U342,P043,view,2026-04-19 00:59:38
U342,P041,add_to_cart,2026-04-03 09:04:08
U343,P001,view,2026-04-03 13:02:28
U343,P080,click,2026-04-14 23:10:45
U343,P090,rate,2026-04-15 08:00:40
U343,P065,add_to_wishlist,2026-04-18 03:11:32
U343,P066,share,2026-04-16 06:59:09
U343,P070,add_to_wishlist,2026-04-11 23:05:42
U343,P046,add_to_cart,2026-04-16 06:51:21
U343,P026,add_to_wishlist,2026-04-16 03:52:46
U343,P032,purchase,2026-04-18 12:43:42
U343,P032,review,2026-04-05 12:32:36
U343,P005,share,2026-04-03 00:01:05
U343,P060,view,2026-04-19 23:58:57
U343,P055,purchase,2026-04-15 01:54:31
U343,P085,view,2026-04-16 22:05:27
U343,P023,click,2026-03-31 22:46:57
U344,P007,click,2026-04-14 19:17:34
U344,P066,add_to_cart,2026-04-01 07:44:34
U344,P038,view,2026-04-14 20:00:34
U344,P001,click,2026-04-03 03:13:52
U344,P074,review,2026-04-10 05:06:49
U344,P067,view,2026-04-01 22:36:28
U344,P090,click,2026-04-18 00:19:53
U344,P046,view,2026-04-14 10:18:50
U344,P037,click,2026-04-15 22:28:18
U344,P032,add_to_cart,2026-04-08 07:54:26
U344,P063,add_to_wishlist,2026-04-12 04:59:39
U344,P010,click,2026-04-12 01:13:41
U345,P032,view,2026-04-17 18:28:26
U345,P048,rate,2026-04-02 11:59:44
U345,P054,add_to_wishlist,2026-04-16 21:55:45
U345,P062,add_to_cart,2026-04-03 00:15:24
U345,P045,click,2026-04-15 06:34:06
U345,P089,add_to_wishlist,2026-04-09 08:04:33
U345,P088,review,2026-04-02 20:07:56
U345,P053,add_to_wishlist,2026-04-03 13:20:34
U345,P044,purchase,2026-04-16 02:23:51
U345,P035,click,2026-04-11 10:05:17
U345,P043,view,2026-04-17 13:23:38
U345,P089,click,2026-04-15 10:49:11
U345,P090,add_to_wishlist,2026-04-16 10:34:58
U345,P055,purchase,2026-04-05 23:52:19
U346,P025,add_to_cart,2026-04-17 09:17:20
U346,P076,view,2026-04-09 19:49:15
U346,P066,view,2026-04-19 20:26:56
U346,P023,add_to_cart,2026-04-11 05:50:34
U346,P080,view,2026-04-03 13:51:47
U346,P077,review,2026-04-09 15:49:16
U346,P051,view,2026-04-11 21:29:19
U346,P003,review,2026-04-13 09:33:41
U347,P044,click,2026-04-14 08:26:33
U347,P053,view,2026-04-14 02:53:44
U347,P049,view,2026-04-03 22:01:32
U347,P065,view,2026-04-13 00:14:29
U347,P088,purchase,2026-04-04 05:44:10
U347,P009,purchase,2026-04-03 20:32:19
U347,P044,click,2026-03-31 02:06:40
U347,P032,click,2026-04-15 16:12:38
U347,P044,add_to_cart,2026-04-10 05:25:10
U347,P018,click,2026-04-06 06:45:48
U347,P036,add_to_wishlist,2026-04-07 09:39:39
U347,P029,view,2026-04-15 00:51:42
U347,P047,rate,2026-04-15 04:14:59
U347,P040,add_to_cart,2026-04-04 20:08:46
U347,P045,add_to_cart,2026-04-04 22:43:54
U348,P065,rate,2026-04-13 10:01:33
U348,P030,view,2026-04-16 04:29:01
U348,P046,add_to_cart,2026-04-01 07:54:35
U348,P027,purchase,2026-04-12 06:31:07
U348,P051,add_to_wishlist,2026-04-07 06:40:09
U348,P048,add_to_cart,2026-04-19 19:28:30
U348,P010,add_to_wishlist,2026-04-04 08:03:38
U348,P072,view,2026-04-17 12:05:02
U348,P026,click,2026-03-31 18:31:28
U348,P026,click,2026-04-03 00:05:21
U348,P037,add_to_wishlist,2026-04-05 22:34:16
U348,P004,add_to_wishlist,2026-04-15 06:37:57
U348,P090,click,2026-04-09 10:33:00
U348,P079,rate,2026-04-11 09:07:57
U349,P069,click,2026-04-18 20:32:59
U349,P041,review,2026-04-03 20:04:51
U349,P045,click,2026-04-17 10:27:10
U349,P009,view,2026-04-17 17:17:43
U349,P055,add_to_cart,2026-04-10 04:59:55
U349,P070,view,2026-04-16 17:40:33
U349,P078,view,2026-04-02 06:05:55
U349,P090,click,2026-04-11 12:14:11
U349,P018,view,2026-04-19 03:33:09
U349,P079,add_to_cart,2026-04-07 05:46:29
U349,P013,purchase,2026-04-02 03:49:02
U349,P024,view,2026-04-04 01:00:48
U349,P087,view,2026-04-13 04:12:57
U350,P099,view,2026-04-05 12:36:34
U350,P078,click,2026-03-31 00:44:04
U350,P050,add_to_cart,2026-04-12 22:09:14
U350,P069,add_to_cart,2026-04-17 19:17:32
U350,P012,share,2026-04-19 03:02:56
U350,P072,view,2026-04-19 05:01:45
U350,P060,share,2026-04-14 12:44:28
U350,P057,view,2026-04-05 01:17:24
U350,P010,click,2026-04-06 11:47:56
U350,P019,click,2026-04-11 03:50:45
U350,P006,view,2026-04-18 03:57:44
U350,P046,view,2026-04-04 20:22:20
U350,P002,rate,2026-03-31 17:26:40
U350,P095,click,2026-04-10 19:08:19
U350,P078,view,2026-04-11 05:22:10
U351,P097,view,2026-04-14 02:45:46
U351,P049,view,2026-04-02 21:05:52
U351,P083,purchase,2026-04-04 09:31:12
U351,P088,view,2026-04-11 16:29:50
U351,P043,click,2026-04-07 14:39:50
U351,P043,add_to_cart,2026-04-07 11:10:59
U351,P060,view,2026-03-31 21:25:00
U351,P020,view,2026-04-18 02:31:02
U351,P003,add_to_cart,2026-04-05 06:22:01
U351,P065,view,2026-04-03 06:17:33
U351,P026,view,2026-04-06 08:39:11
U351,P080,view,2026-04-15 19:19:45
U351,P066,review,2026-04-05 03:10:27
U351,P025,view,2026-04-03 08:00:37
U352,P002,review,2026-04-19 00:31:10
U352,P081,click,2026-04-02 00:48:05
U352,P045,add_to_cart,2026-04-11 19:19:05
U352,P099,click,2026-04-06 03:46:13
U352,P052,review,2026-04-13 19:57:05
U352,P036,review,2026-04-10 07:19:10
U352,P100,view,2026-04-08 21:58:19
U352,P038,click,2026-04-18 13:55:16
U353,P019,add_to_cart,2026-04-18 18:01:37
U353,P069,click,2026-04-12 09:08:09
U353,P053,add_to_cart,2026-04-13 20:57:40
U353,P008,add_to_cart,2026-04-01 19:31:17
U353,P079,add_to_cart,2026-04-14 08:27:13
U353,P030,click,2026-04-12 12:16:02
U353,P008,purchase,2026-04-08 05:33:24
U353,P091,add_to_cart,2026-04-11 14:25:17
U353,P045,click,2026-04-04 12:31:33
U353,P035,add_to_cart,2026-04-02 07:48:38
U353,P089,purchase,2026-04-15 04:49:58
U353,P083,add_to_wishlist,2026-04-16 03:45:11
U353,P058,click,2026-04-10 23:03:25
U353,P087,add_to_cart,2026-04-10 12:22:44
U354,P020,add_to_wishlist,2026-04-12 21:59:15
U354,P004,click,2026-04-19 00:55:27
U354,P089,purchase,2026-04-07 12:04:05
U354,P068,add_to_cart,2026-04-09 19:35:41
U354,P087,view,2026-04-07 16:24:49
U354,P056,add_to_cart,2026-04-11 23:56:15
U354,P060,view,2026-04-14 21:22:03
U354,P035,rate,2026-04-01 20:44:59
U354,P026,click,2026-03-31 11:55:41
U354,P039,click,2026-04-04 23:09:43
U354,P079,view,2026-04-04 16:03:21
U355,P024,click,2026-04-11 10:04:14
U355,P060,add_to_cart,2026-04-13 07:07:03
U355,P024,view,2026-04-06 18:34:55
U355,P018,add_to_wishlist,2026-04-07 10:20:41
U355,P049,add_to_wishlist,2026-04-01 22:42:12
U355,P028,add_to_wishlist,2026-04-19 01:48:21
U355,P052,click,2026-04-17 04:12:14
U355,P095,rate,2026-04-19 08:13:58
U355,P070,view,2026-04-03 06:37:48
U355,P068,rate,2026-04-02 06:32:07
U355,P053,add_to_cart,2026-04-03 08:42:39
U356,P007,view,2026-03-31 11:24:16
U356,P056,click,2026-03-31 14:35:20
U356,P041,view,2026-04-09 00:40:38
U356,P058,click,2026-04-09 19:16:43
U356,P014,view,2026-04-13 12:24:26
U356,P082,click,2026-04-17 21:58:02
U356,P035,view,2026-04-15 22:34:37
U356,P012,add_to_wishlist,2026-04-15 02:08:56
U357,P063,view,2026-03-31 17:00:33
U357,P061,review,2026-04-12 07:02:18
U357,P014,view,2026-04-12 13:32:14
U357,P091,view,2026-04-17 08:55:00
U357,P085,add_to_cart,2026-04-04 22:39:37
U357,P082,review,2026-04-01 03:40:30
U357,P012,add_to_cart,2026-04-06 06:01:08
U357,P021,purchase,2026-04-18 11:24:03
U357,P085,click,2026-03-31 02:53:32
U357,P020,click,2026-04-08 23:28:30
U357,P048,rate,2026-04-04 16:51:33
U358,P038,add_to_wishlist,2026-04-19 17:52:30
U358,P034,add_to_wishlist,2026-04-09 14:25:42
U358,P027,click,2026-04-03 11:21:31
U358,P011,purchase,2026-04-15 23:24:07
U358,P001,click,2026-04-10 15:15:41
U358,P088,click,2026-04-06 08:27:58
U358,P053,click,2026-04-17 17:03:48
U358,P089,view,2026-04-13 07:41:10
U358,P009,click,2026-04-01 17:08:39
U358,P026,rate,2026-04-03 18:51:37
U359,P080,add_to_cart,2026-04-09 07:41:18
U359,P011,share,2026-04-14 22:14:31
U359,P067,view,2026-04-02 06:10:32
U359,P025,click,2026-04-09 03:24:33
U359,P033,click,2026-04-16 01:21:39
U359,P073,view,2026-04-04 17:17:09
U359,P063,click,2026-04-07 17:08:25
U359,P061,purchase,2026-04-16 06:26:26
U359,P042,view,2026-04-01 05:48:03
U359,P090,view,2026-04-19 10:23:45
U359,P010,view,2026-04-14 13:12:55
U360,P064,click,2026-04-02 11:00:04
U360,P026,share,2026-04-09 09:22:53
U360,P085,click,2026-04-07 20:32:36
U360,P035,purchase,2026-04-15 09:04:16
U360,P014,add_to_cart,2026-04-15 21:05:17
U360,P018,click,2026-04-19 07:46:19
U360,P049,view,2026-04-19 07:52:40
U360,P089,click,2026-04-04 10:30:18
U361,P016,view,2026-04-01 11:27:03
U361,P025,click,2026-04-07 14:13:01
U361,P023,add_to_cart,2026-04-02 21:21:57
U361,P060,view,2026-04-18 00:10:11
U361,P036,view,2026-04-19 06:35:06
U361,P099,view,2026-04-15 21:34:46
U361,P025,share,2026-04-16 09:24:28
U361,P031,add_to_wishlist,2026-04-13 18:59:27
U361,P010,view,2026-04-15 08:08:47
U361,P032,view,2026-04-11 07:01:33
U361,P095,click,2026-04-12 22:36:26
U362,P076,click,2026-04-05 17:53:39
U362,P100,view,2026-04-16 22:15:39
U362,P093,view,2026-04-11 12:45:33
U362,P068,add_to_cart,2026-04-19 02:22:27
U362,P051,add_to_cart,2026-04-11 12:06:22
U362,P080,view,2026-04-13 13:06:06
U362,P027,click,2026-04-02 04:47:41
U362,P010,add_to_cart,2026-04-08 03:49:34
U362,P026,view,2026-04-12 06:09:15
U362,P090,view,2026-04-05 00:14:12
U362,P075,view,2026-03-31 14:28:23
U363,P081,view,2026-03-31 12:56:55
U363,P027,view,2026-04-02 06:04:26
U363,P094,view,2026-04-12 14:41:21
U363,P086,click,2026-04-02 18:14:19
U363,P071,view,2026-04-12 11:32:47
U363,P081,add_to_cart,2026-04-16 03:36:34
U363,P079,rate,2026-04-11 04:03:18
U363,P074,view,2026-04-03 14:20:15
U363,P063,view,2026-04-11 19:05:42
U363,P027,view,2026-04-03 08:57:44
U363,P075,view,2026-04-12 06:51:24
U364,P019,view,2026-04-19 01:55:18
U364,P074,click,2026-04-12 01:08:36
U364,P004,click,2026-04-12 07:57:40
U364,P015,view,2026-04-09 11:54:14
U364,P069,view,2026-04-03 09:41:11
U364,P080,share,2026-04-18 05:53:38
U364,P043,view,2026-04-17 20:40:29
U364,P034,view,2026-04-11 01:32:43
U364,P068,click,2026-04-12 04:57:25
U364,P058,view,2026-04-09 06:11:25
U364,P007,rate,2026-04-05 03:47:36
U364,P028,add_to_cart,2026-04-04 22:11:24
U364,P038,view,2026-04-07 17:37:03
U364,P010,view,2026-04-16 11:27:09
U365,P046,view,2026-04-07 20:12:22
U365,P034,add_to_cart,2026-04-03 01:31:05
U365,P043,click,2026-04-03 18:01:42
U365,P042,view,2026-04-01 04:20:25
U365,P086,view,2026-04-17 21:45:45
U365,P070,add_to_cart,2026-04-15 18:00:10
U365,P005,share,2026-04-18 06:47:04
U365,P099,add_to_wishlist,2026-04-08 18:55:33
U365,P077,add_to_cart,2026-04-17 20:47:30
U365,P017,add_to_cart,2026-04-09 11:29:29
U365,P099,add_to_wishlist,2026-03-31 00:18:05
U365,P057,click,2026-04-10 12:50:55
U365,P040,view,2026-04-05 07:57:23
U365,P061,add_to_cart,2026-04-05 10:48:43
U366,P010,view,2026-04-09 19:05:12
U366,P087,view,2026-04-10 16:05:44
U366,P079,view,2026-04-06 06:55:29
U366,P086,view,2026-04-03 06:21:14
U366,P002,add_to_cart,2026-04-01 20:40:10
U366,P034,add_to_wishlist,2026-04-13 06:37:41
U366,P022,add_to_wishlist,2026-04-08 09:07:03
U366,P058,add_to_wishlist,2026-04-05 14:30:15
U366,P090,add_to_cart,2026-04-13 03:23:35
U366,P068,view,2026-04-14 04:18:29
U366,P036,view,2026-04-06 07:24:11
U367,P062,click,2026-04-11 00:46:25
U367,P068,click,2026-04-01 19:44:54
U367,P096,view,2026-04-14 16:09:08
U367,P061,click,2026-04-09 12:12:51
U367,P034,add_to_wishlist,2026-04-11 03:04:07
U367,P080,add_to_cart,2026-04-02 19:30:20
U367,P001,view,2026-04-04 22:55:22
U367,P059,purchase,2026-04-19 00:42:02
U367,P083,view,2026-04-02 15:08:33
U367,P065,click,2026-04-11 15:31:23
U367,P059,view,2026-04-15 18:30:21
U367,P018,click,2026-04-17 10:29:00
U368,P078,click,2026-04-07 23:11:34
U368,P088,view,2026-04-10 04:52:12
U368,P025,share,2026-04-08 15:13:33
U368,P029,add_to_cart,2026-04-07 10:13:23
U368,P098,purchase,2026-04-02 02:14:59
U368,P071,add_to_cart,2026-04-08 02:15:13
U368,P085,click,2026-04-16 10:52:44
U368,P035,view,2026-04-09 00:51:51
U368,P019,review,2026-04-17 06:29:41
U368,P008,add_to_cart,2026-04-03 09:41:29
U369,P043,click,2026-04-07 12:11:09
U369,P021,purchase,2026-04-03 10:27:04
U369,P029,share,2026-04-08 01:25:20
U369,P035,view,2026-04-11 21:33:30
U369,P089,view,2026-04-13 15:30:56
U369,P013,share,2026-04-03 19:34:35
U369,P076,view,2026-04-12 08:05:46
U369,P012,view,2026-04-09 11:04:48
U369,P093,click,2026-04-13 14:52:21
U369,P096,view,2026-04-15 06:30:06
U369,P051,add_to_cart,2026-04-15 14:14:04
U370,P098,add_to_wishlist,2026-04-03 22:29:57
U370,P096,view,2026-04-07 19:24:21
U370,P037,purchase,2026-04-07 16:09:20
U370,P062,add_to_wishlist,2026-04-13 23:43:12
U370,P081,click,2026-04-03 03:51:53
U370,P019,review,2026-04-14 05:24:05
U370,P086,add_to_cart,2026-04-07 16:29:19
U370,P025,view,2026-04-18 19:42:17
U370,P059,click,2026-04-10 00:52:44
U370,P084,click,2026-04-03 10:08:05
U371,P089,view,2026-04-19 07:34:39
U371,P037,click,2026-04-14 10:28:16
U371,P066,rate,2026-04-12 19:36:16
U371,P033,click,2026-04-08 16:09:54
U371,P031,add_to_cart,2026-04-19 09:45:50
U371,P050,click,2026-04-19 23:56:33
U371,P095,add_to_cart,2026-04-16 04:32:07
U371,P041,purchase,2026-04-04 16:07:14
U371,P012,click,2026-04-03 18:28:04
U371,P096,add_to_wishlist,2026-04-09 02:22:31
U371,P067,view,2026-04-10 18:15:11
U372,P015,add_to_wishlist,2026-04-15 19:55:31
U372,P026,view,2026-04-17 17:24:14
U372,P060,click,2026-04-07 16:29:29
U372,P013,add_to_wishlist,2026-04-01 10:33:42
U372,P045,add_to_cart,2026-04-10 09:47:43
U372,P054,view,2026-04-06 06:59:53
U372,P069,add_to_cart,2026-04-16 14:51:30
U372,P076,add_to_cart,2026-04-07 00:24:48
U372,P023,add_to_wishlist,2026-04-14 14:57:57
U372,P054,review,2026-04-01 00:50:10
U372,P027,review,2026-04-12 13:39:04
U372,P026,purchase,2026-04-01 04:28:52
U372,P063,click,2026-04-14 05:35:47
U372,P026,click,2026-04-19 14:28:19
U373,P026,share,2026-04-18 07:19:24
U373,P065,add_to_cart,2026-04-10 04:02:24
U373,P097,click,2026-04-06 12:39:22
U373,P019,view,2026-04-19 14:41:43
U373,P077,click,2026-04-16 22:36:54
U373,P031,rate,2026-04-16 20:01:32
U373,P035,add_to_cart,2026-04-19 07:40:31
U373,P041,view,2026-04-01 22:10:22
U373,P084,click,2026-04-10 04:38:32
U373,P010,view,2026-04-18 21:01:14
U373,P057,view,2026-04-11 09:56:00
U373,P086,click,2026-03-31 13:05:44
U373,P067,view,2026-04-08 15:46:10
U373,P097,click,2026-04-08 17:20:39
U373,P053,add_to_cart,2026-04-14 09:22:57
U374,P086,view,2026-04-16 17:13:33
U374,P008,review,2026-04-03 03:24:51
U374,P066,click,2026-04-02 06:36:20
U374,P088,view,2026-04-18 10:25:25
U374,P076,click,2026-04-05 03:56:49
U374,P055,add_to_cart,2026-04-04 04:54:42
U374,P094,click,2026-04-04 04:57:09
U374,P011,click,2026-04-19 21:48:30
U374,P043,add_to_cart,2026-04-19 04:35:26
U374,P011,add_to_wishlist,2026-04-08 15:59:10
U374,P079,view,2026-04-06 04:50:10
U374,P052,view,2026-04-05 20:34:29
U375,P029,share,2026-04-18 16:47:57
U375,P001,view,2026-04-06 05:11:26
U375,P040,view,2026-04-15 01:56:28
U375,P031,click,2026-04-05 15:27:35
U375,P045,view,2026-04-12 21:26:10
U375,P049,add_to_cart,2026-04-18 05:32:39
U375,P021,review,2026-04-02 13:35:15
U375,P027,view,2026-04-17 15:23:30
U375,P071,add_to_cart,2026-04-17 16:28:26
U376,P096,view,2026-04-19 11:02:10
U376,P038,view,2026-04-12 15:51:39
U376,P062,view,2026-04-15 09:24:23
U376,P071,click,2026-04-01 18:55:49
U376,P058,add_to_cart,2026-04-07 02:12:06
U376,P085,click,2026-04-01 04:34:17
U376,P004,view,2026-03-31 08:29:04
U376,P027,view,2026-04-07 18:52:22
U376,P079,click,2026-04-14 23:31:15
U376,P072,click,2026-04-12 17:30:08
U376,P063,click,2026-04-10 06:14:42
U376,P096,add_to_wishlist,2026-04-18 08:57:00
U376,P059,click,2026-04-07 02:01:26
U376,P012,view,2026-04-04 05:16:02
U376,P059,view,2026-04-12 11:40:20
U377,P087,add_to_cart,2026-04-08 21:43:10
U377,P074,add_to_cart,2026-04-02 22:23:05
U377,P046,view,2026-04-14 12:58:10
U377,P068,purchase,2026-04-10 23:50:29
U377,P047,add_to_cart,2026-04-14 23:19:42
U377,P062,review,2026-04-04 10:26:07
U377,P083,add_to_wishlist,2026-04-12 01:09:07
U377,P050,add_to_cart,2026-04-01 11:29:14
U378,P002,view,2026-04-01 16:56:30
U378,P006,add_to_wishlist,2026-03-31 22:37:04
U378,P020,rate,2026-04-03 13:50:07
U378,P046,click,2026-04-16 20:00:04
U378,P077,add_to_cart,2026-04-07 22:57:30
U378,P061,click,2026-04-02 17:30:54
U378,P002,view,2026-04-04 00:29:07
U378,P065,share,2026-04-19 02:51:19
U378,P021,view,2026-04-16 11:10:42
U379,P033,view,2026-04-02 00:56:06
U379,P090,click,2026-04-17 23:01:00
U379,P034,add_to_cart,2026-04-16 18:58:55
U379,P013,view,2026-04-06 03:05:43
U379,P044,click,2026-04-01 19:32:14
U379,P036,view,2026-04-08 13:38:37
U379,P041,click,2026-04-16 05:11:34
U379,P044,click,2026-04-10 20:37:35
U379,P083,purchase,2026-04-12 17:16:59
U379,P054,view,2026-04-12 15:45:52
U379,P093,view,2026-04-06 08:41:51
U379,P013,view,2026-04-06 02:01:10
U379,P031,click,2026-03-31 10:57:58
U379,P069,click,2026-04-11 19:35:03
U380,P059,add_to_wishlist,2026-04-13 23:42:49
U380,P050,view,2026-04-01 16:37:14
U380,P030,add_to_wishlist,2026-04-02 01:13:04
U380,P068,view,2026-04-05 21:09:23
U380,P046,review,2026-04-16 19:54:46
U380,P013,purchase,2026-04-02 13:44:16
U380,P018,add_to_wishlist,2026-04-19 07:15:35
U380,P006,add_to_wishlist,2026-04-03 17:10:06
U380,P100,click,2026-04-12 20:57:47
U380,P054,click,2026-04-16 11:43:25
U380,P080,view,2026-04-05 04:33:59
U380,P040,click,2026-04-09 02:56:29
U380,P018,rate,2026-04-11 12:00:01
U380,P060,click,2026-04-19 10:19:31
U380,P033,view,2026-04-02 20:40:47
U381,P013,click,2026-04-09 19:12:49
U381,P096,view,2026-04-12 00:21:45
U381,P077,click,2026-04-01 13:20:42
U381,P023,add_to_cart,2026-04-04 10:39:06
U381,P010,add_to_cart,2026-04-09 02:35:10
U381,P035,click,2026-04-01 23:55:27
U381,P061,view,2026-04-07 22:02:03
U381,P091,add_to_wishlist,2026-04-16 14:39:24
U381,P022,purchase,2026-04-01 02:49:02
U381,P005,add_to_cart,2026-04-11 01:04:48
U381,P033,view,2026-04-08 22:36:08
U381,P074,rate,2026-04-14 08:31:07
U381,P097,add_to_cart,2026-04-02 09:48:46
U381,P020,view,2026-04-05 10:23:11
U382,P073,view,2026-04-14 22:38:34
U382,P091,click,2026-04-11 04:26:03
U382,P003,click,2026-04-01 16:22:02
U382,P006,review,2026-04-02 11:24:59
U382,P057,click,2026-04-02 12:07:31
U382,P048,view,2026-04-05 13:19:47
U382,P056,click,2026-04-17 07:58:21
U382,P032,add_to_cart,2026-04-18 22:39:42
U382,P069,review,2026-04-02 06:54:03
U382,P027,view,2026-04-14 22:59:13
U382,P096,add_to_cart,2026-04-13 01:48:55
U382,P041,click,2026-04-02 17:45:21
U382,P099,purchase,2026-04-19 20:36:06
U383,P082,view,2026-03-31 12:38:45
U383,P039,click,2026-04-17 05:04:29
U383,P030,view,2026-04-02 20:49:33
U383,P093,view,2026-04-17 01:10:05
U383,P013,add_to_wishlist,2026-04-12 14:38:42
U383,P054,add_to_wishlist,2026-04-11 10:08:26
U383,P047,click,2026-04-02 13:16:35
U383,P064,click,2026-04-19 11:40:12
U383,P014,view,2026-04-14 01:54:14
U383,P018,add_to_wishlist,2026-04-04 17:55:19
U383,P082,add_to_wishlist,2026-04-16 04:39:56
U383,P074,click,2026-04-10 19:51:38
U383,P078,purchase,2026-04-01 15:08:33
U383,P006,rate,2026-04-12 22:26:17
U384,P020,add_to_cart,2026-04-06 09:52:51
U384,P074,view,2026-04-06 10:08:34
U384,P074,click,2026-04-07 21:49:32
U384,P078,view,2026-04-12 19:12:39
U384,P011,view,2026-04-08 16:26:11
U384,P045,click,2026-04-10 21:35:08
U384,P062,add_to_wishlist,2026-04-13 03:04:38
U384,P086,view,2026-04-06 04:24:53
U385,P031,click,2026-04-15 10:51:52
U385,P061,view,2026-04-13 02:29:41
U385,P053,view,2026-04-04 10:29:50
U385,P067,add_to_cart,2026-04-05 00:51:34
U385,P080,click,2026-04-04 13:20:39
U385,P060,rate,2026-04-04 01:31:44
U385,P064,click,2026-04-17 16:40:40
U385,P092,click,2026-04-11 02:36:43
U386,P028,view,2026-04-16 09:03:16
U386,P098,purchase,2026-04-04 21:44:28
U386,P046,add_to_wishlist,2026-04-04 12:22:22
U386,P005,view,2026-04-19 03:55:35
U386,P028,purchase,2026-04-05 05:17:56
U386,P063,click,2026-04-11 15:15:22
U386,P078,click,2026-04-13 21:56:57
U386,P047,click,2026-04-18 13:09:08
U386,P061,click,2026-04-12 18:20:58
U386,P089,add_to_wishlist,2026-04-02 08:37:17
U386,P018,click,2026-04-13 19:05:26
U386,P014,view,2026-04-19 02:19:39
U386,P026,click,2026-04-17 08:03:10
U387,P076,view,2026-04-07 08:49:52
U387,P073,click,2026-04-19 21:06:23
U387,P067,view,2026-04-16 11:03:14
U387,P037,click,2026-04-11 02:45:34
U387,P081,view,2026-04-13 05:08:21
U387,P051,click,2026-04-09 02:57:13
U387,P048,click,2026-04-12 22:51:26
U387,P077,click,2026-04-01 10:25:12
U387,P088,click,2026-03-31 20:20:45
U387,P050,rate,2026-04-02 11:41:30
U387,P008,view,2026-04-09 19:52:22
U387,P098,click,2026-04-13 23:58:59
U388,P006,click,2026-04-04 06:53:00
U388,P066,view,2026-04-19 08:03:08
U388,P059,add_to_wishlist,2026-04-10 00:21:48
U388,P018,review,2026-04-09 01:13:00
U388,P045,view,2026-04-16 22:28:08
U388,P077,click,2026-04-04 05:09:27
U388,P007,view,2026-04-17 17:57:09
U388,P003,view,2026-04-18 15:17:49
U388,P070,click,2026-04-07 06:16:47
U388,P080,add_to_wishlist,2026-04-14 09:32:31
U388,P082,add_to_wishlist,2026-04-13 15:39:18
U388,P083,view,2026-04-07 04:22:49
U388,P024,view,2026-04-06 09:03:19
U389,P013,click,2026-04-19 00:47:52
U389,P063,view,2026-04-12 02:00:55
U389,P050,view,2026-04-10 17:12:46
U389,P078,review,2026-04-03 01:46:42
U389,P069,view,2026-04-11 04:48:35
U389,P028,view,2026-04-18 15:38:26
U389,P081,click,2026-04-16 00:43:23
U389,P087,click,2026-04-02 21:24:55
U389,P094,add_to_wishlist,2026-04-11 14:07:23
U389,P059,view,2026-04-08 07:23:12
U390,P094,view,2026-04-16 21:53:59
U390,P072,view,2026-04-04 09:55:14
U390,P093,purchase,2026-04-10 16:17:55
U390,P002,add_to_cart,2026-04-04 15:27:22
U390,P079,click,2026-04-05 10:37:41
U390,P061,add_to_cart,2026-04-13 03:45:23
U390,P020,view,2026-04-13 04:49:48
U390,P022,click,2026-04-07 06:32:27
U390,P055,view,2026-04-01 07:56:54
U390,P075,view,2026-03-31 18:39:25
U390,P008,click,2026-04-05 00:48:29
U390,P077,click,2026-04-07 01:48:07
U391,P028,review,2026-04-11 16:51:37
U391,P049,view,2026-04-02 17:03:50
U391,P098,view,2026-04-14 05:35:32
U391,P005,click,2026-04-15 02:14:36
U391,P011,click,2026-04-16 15:22:57
U391,P043,review,2026-04-05 16:21:23
U391,P093,view,2026-04-10 18:24:38
U391,P021,rate,2026-04-17 20:33:44
U391,P070,add_to_cart,2026-04-05 02:46:42
U391,P053,review,2026-04-11 17:23:46
U392,P013,view,2026-04-03 03:09:37
U392,P039,click,2026-04-12 05:10:53
U392,P058,view,2026-04-03 20:51:54
U392,P074,view,2026-04-13 16:01:24
U392,P092,view,2026-04-19 10:36:03
U392,P030,view,2026-04-15 14:45:02
U392,P034,click,2026-04-10 13:26:27
U392,P087,view,2026-04-01 05:07:44
U392,P064,click,2026-04-19 09:21:28
U392,P043,rate,2026-04-13 03:03:11
U392,P026,view,2026-04-06 05:00:22
U392,P072,view,2026-04-02 09:05:12
U392,P035,view,2026-04-16 08:17:18
U392,P080,click,2026-04-07 06:45:18
U392,P094,add_to_wishlist,2026-04-13 04:22:51
U393,P036,add_to_wishlist,2026-04-05 00:21:12
U393,P082,view,2026-04-06 01:14:32
U393,P028,view,2026-04-01 16:58:44
U393,P089,review,2026-04-09 17:36:38
U393,P026,click,2026-03-31 12:37:10
U393,P018,purchase,2026-04-09 10:17:07
U393,P073,share,2026-04-15 15:55:39
U393,P048,click,2026-04-04 18:31:39
U394,P008,view,2026-04-12 01:43:21
U394,P062,add_to_wishlist,2026-04-16 06:04:42
U394,P052,view,2026-04-07 06:11:47
U394,P019,view,2026-04-17 20:51:27
U394,P016,add_to_cart,2026-04-12 05:53:58
U394,P010,click,2026-04-11 21:53:54
U394,P010,add_to_cart,2026-04-15 15:23:48
U394,P098,view,2026-04-04 22:12:07
U394,P090,view,2026-04-12 01:59:03
U394,P051,view,2026-04-05 08:16:09
U394,P054,click,2026-04-15 04:56:12
U394,P065,add_to_cart,2026-04-03 10:59:28
U395,P045,click,2026-04-17 09:44:45
U395,P047,click,2026-04-01 15:28:47
U395,P047,add_to_wishlist,2026-04-05 20:45:21
U395,P027,view,2026-04-09 15:42:18
U395,P100,add_to_cart,2026-04-02 23:03:51
U395,P075,click,2026-04-11 03:29:39
U395,P031,view,2026-04-05 01:55:42
U395,P096,click,2026-04-14 02:55:11
U395,P087,add_to_wishlist,2026-04-04 19:18:51
U395,P005,add_to_cart,2026-04-13 19:39:59
U395,P013,click,2026-04-15 02:00:14
U395,P015,review,2026-04-10 20:42:34
U396,P060,view,2026-04-02 01:16:07
U396,P040,add_to_cart,2026-04-03 14:05:45
U396,P097,add_to_wishlist,2026-04-13 05:10:06
U396,P071,share,2026-03-31 16:13:01
U396,P056,purchase,2026-04-07 01:06:40
U396,P068,rate,2026-04-16 01:28:46
U396,P083,view,2026-04-01 07:20:49
U396,P099,view,2026-04-10 03:42:53
U396,P082,view,2026-04-15 06:16:47
U397,P100,purchase,2026-04-05 14:31:32
U397,P049,view,2026-04-07 08:49:02
U397,P068,view,2026-04-14 07:38:46
U397,P048,click,2026-04-01 05:01:14
U397,P062,add_to_cart,2026-04-15 22:10:19
U397,P038,click,2026-03-31 00:12:54
U397,P036,add_to_cart,2026-04-17 07:05:41
U397,P083,view,2026-04-09 16:18:19
U397,P045,view,2026-04-07 12:45:46
U398,P025,share,2026-04-07 06:20:03
U398,P090,view,2026-04-08 04:51:41
U398,P076,purchase,2026-04-07 21:10:01
U398,P064,add_to_cart,2026-04-17 19:45:23
U398,P055,review,2026-04-14 06:38:46
U398,P077,add_to_cart,2026-04-02 03:29:45
U398,P057,view,2026-04-15 21:29:43
U398,P075,view,2026-04-06 13:35:18
U398,P096,view,2026-04-01 19:24:57
U398,P080,view,2026-04-03 18:36:41
U398,P050,rate,2026-04-06 03:31:52
U398,P052,add_to_wishlist,2026-04-14 22:02:32
U398,P043,add_to_cart,2026-04-04 04:42:08
U399,P027,add_to_cart,2026-04-17 15:08:51
U399,P027,rate,2026-04-05 05:23:12
U399,P001,add_to_wishlist,2026-04-19 06:12:26
U399,P015,click,2026-04-11 20:19:11
U399,P037,add_to_cart,2026-04-13 22:40:10
U399,P088,view,2026-04-17 14:55:52
U399,P009,click,2026-04-16 12:11:36
U399,P052,view,2026-04-04 14:29:58
U399,P071,purchase,2026-04-16 07:30:50
U399,P077,click,2026-03-31 18:38:58
U399,P067,review,2026-04-17 00:59:46
U399,P064,click,2026-04-14 06:01:14
U400,P082,purchase,2026-04-09 11:06:07
U400,P011,view,2026-04-04 02:25:08
U400,P093,add_to_wishlist,2026-04-18 02:26:49
U400,P075,add_to_cart,2026-04-08 00:36:01
U400,P080,view,2026-04-14 19:45:49
U400,P062,click,2026-04-02 10:46:10
U400,P081,add_to_cart,2026-04-14 10:26:02
U400,P046,view,2026-03-31 21:00:34
U400,P028,add_to_wishlist,2026-04-05 00:15:58
U400,P030,view,2026-03-31 06:55:06
U400,P059,add_to_cart,2026-04-07 22:24:04
U400,P029,click,2026-04-18 19:16:45
U400,P027,purchase,2026-04-03 20:32:28
U401,P055,view,2026-04-18 18:25:36
U401,P019,view,2026-04-03 13:32:54
U401,P077,purchase,2026-04-01 09:42:37
U401,P005,click,2026-04-13 13:05:22
U401,P053,add_to_wishlist,2026-04-07 19:22:52
U401,P003,review,2026-04-11 17:09:24
U401,P047,click,2026-04-08 23:20:57
U401,P097,click,2026-04-15 17:23:21
U401,P012,add_to_cart,2026-03-31 03:41:15
U401,P052,add_to_wishlist,2026-04-11 03:23:03
U401,P066,add_to_cart,2026-04-05 02:53:44
U401,P096,view,2026-04-16 05:33:15
U401,P053,view,2026-04-05 03:27:21
U402,P054,add_to_cart,2026-04-02 03:49:16
U402,P080,add_to_wishlist,2026-04-03 05:31:39
U402,P014,view,2026-04-10 14:37:04
U402,P006,add_to_cart,2026-04-09 09:02:48
U402,P083,click,2026-04-09 02:10:29
U402,P079,view,2026-04-17 07:12:09
U402,P046,click,2026-04-16 07:01:38
U402,P095,view,2026-04-06 17:03:38
U402,P040,add_to_cart,2026-04-06 15:42:43
U402,P080,click,2026-04-14 22:46:27
U402,P049,click,2026-04-10 04:41:55
U402,P096,click,2026-04-19 00:21:11
U402,P079,view,2026-04-16 18:24:45
U403,P065,purchase,2026-04-07 04:42:39
U403,P013,view,2026-04-08 19:29:38
U403,P093,add_to_wishlist,2026-04-10 02:25:10
U403,P024,add_to_cart,2026-03-31 01:57:25
U403,P047,click,2026-03-31 03:17:08
U403,P032,purchase,2026-04-19 04:58:18
U403,P086,add_to_cart,2026-03-31 14:00:42
U403,P067,click,2026-04-07 19:31:16
U403,P011,purchase,2026-04-13 19:43:58
U403,P080,add_to_cart,2026-04-11 05:30:59
U403,P006,click,2026-04-12 05:54:13
U403,P029,purchase,2026-04-04 00:02:36
U403,P073,view,2026-04-10 12:35:55
U404,P067,view,2026-04-10 20:32:59
U404,P058,view,2026-04-11 18:58:08
U404,P054,review,2026-04-02 11:29:41
U404,P087,add_to_cart,2026-04-15 05:21:30
U404,P082,view,2026-04-06 04:40:13
U404,P013,view,2026-04-08 07:05:28
U404,P087,add_to_cart,2026-04-11 09:30:31
U404,P100,click,2026-04-03 18:14:40
U404,P012,click,2026-04-10 10:12:44
U404,P077,click,2026-04-05 08:32:58
U404,P025,click,2026-04-15 01:41:54
U404,P040,view,2026-03-31 03:12:27
U405,P095,view,2026-04-13 20:54:58
U405,P072,add_to_cart,2026-04-09 15:17:12
U405,P014,view,2026-04-17 21:42:11
U405,P048,view,2026-04-12 08:55:41
U405,P039,view,2026-04-01 05:51:35
U405,P009,add_to_cart,2026-04-09 08:45:21
U405,P089,add_to_cart,2026-04-16 11:33:54
U405,P090,view,2026-04-03 09:15:50
U405,P056,click,2026-04-14 04:06:50
U405,P066,click,2026-04-18 11:58:42
U405,P048,add_to_cart,2026-04-10 05:58:27
U405,P023,purchase,2026-04-07 13:01:44
U405,P099,share,2026-04-05 08:06:27
U405,P080,click,2026-04-10 03:00:07
U406,P009,click,2026-03-31 21:49:34
U406,P018,view,2026-04-19 14:53:08
U406,P006,add_to_cart,2026-03-31 11:13:04
U406,P007,add_to_cart,2026-04-19 11:47:32
U406,P067,click,2026-03-31 08:23:58
U406,P034,view,2026-03-31 05:39:47
U406,P070,view,2026-04-01 16:51:06
U406,P066,click,2026-04-18 18:02:24
U406,P093,add_to_wishlist,2026-04-12 22:19:21
U406,P027,click,2026-04-11 20:40:51
U407,P035,view,2026-03-31 23:11:42
U407,P082,click,2026-04-14 19:19:23
U407,P070,review,2026-04-10 07:33:11
U407,P046,click,2026-04-08 08:46:57
U407,P077,view,2026-04-10 03:26:36
U407,P069,click,2026-04-03 01:25:12
U407,P042,view,2026-04-14 19:48:59
U407,P077,add_to_cart,2026-04-03 10:24:00
U407,P029,click,2026-04-06 22:40:06
U407,P069,add_to_wishlist,2026-04-07 20:20:13
U407,P077,purchase,2026-04-13 01:25:00
U407,P009,view,2026-04-07 16:39:38
U407,P076,review,2026-04-11 02:59:47
U408,P091,add_to_wishlist,2026-04-13 23:45:56
U408,P095,view,2026-04-08 08:20:57
U408,P081,add_to_cart,2026-04-02 17:59:49
U408,P030,add_to_wishlist,2026-04-13 08:46:50
U408,P055,view,2026-04-12 19:25:54
U408,P045,add_to_cart,2026-04-13 00:04:14
U408,P073,view,2026-04-16 01:58:08
U408,P053,view,2026-04-17 02:17:10
U408,P022,add_to_cart,2026-04-02 21:48:33
U408,P092,click,2026-04-03 01:01:07
U408,P010,view,2026-04-17 07:16:24
U409,P021,purchase,2026-04-10 20:50:01
U409,P048,click,2026-04-17 01:18:43
U409,P061,view,2026-04-06 06:18:05
U409,P091,add_to_cart,2026-04-15 14:03:37
U409,P008,click,2026-04-12 08:29:58
U409,P024,add_to_cart,2026-04-03 10:00:53
U409,P045,add_to_wishlist,2026-04-13 23:31:53
U409,P074,view,2026-04-19 10:04:25
U409,P041,purchase,2026-04-16 18:02:12
U409,P061,view,2026-04-07 14:30:12
U409,P027,view,2026-04-05 21:14:08
U409,P036,view,2026-04-18 12:47:51
U409,P047,click,2026-04-19 09:31:34
U409,P069,view,2026-04-09 11:11:07
U409,P068,click,2026-04-08 05:35:43
U410,P093,add_to_wishlist,2026-04-19 04:51:41
U410,P056,review,2026-04-02 19:14:35
U410,P063,add_to_wishlist,2026-04-06 23:49:11
U410,P011,add_to_cart,2026-04-03 03:03:34
U410,P098,click,2026-04-19 20:33:11
U410,P079,click,2026-04-02 20:29:43
U410,P088,add_to_wishlist,2026-04-19 15:39:52
U410,P071,click,2026-04-17 20:41:44
U410,P035,view,2026-04-02 11:09:55
U410,P038,view,2026-03-31 23:37:43
U410,P078,add_to_cart,2026-04-09 22:27:13
U410,P026,view,2026-04-16 07:56:15
U411,P069,view,2026-04-10 22:57:04
U411,P011,view,2026-04-08 14:11:53
U411,P010,rate,2026-04-01 02:35:38
U411,P039,click,2026-04-15 18:31:37
U411,P034,click,2026-04-10 14:38:34
U411,P069,view,2026-04-09 09:37:52
U411,P075,view,2026-04-02 03:32:31
U411,P073,view,2026-04-16 17:05:40
U411,P061,rate,2026-04-14 17:25:24
U411,P068,click,2026-03-31 09:30:54
U411,P084,click,2026-04-18 20:18:01
U412,P054,add_to_cart,2026-04-01 10:35:27
U412,P071,review,2026-04-08 05:13:25
U412,P001,add_to_cart,2026-04-15 10:59:14
U412,P032,view,2026-04-03 03:26:34
U412,P007,rate,2026-04-15 07:11:12
U412,P014,add_to_wishlist,2026-04-15 06:43:20
U412,P009,share,2026-04-16 01:32:21
U412,P090,add_to_wishlist,2026-04-18 04:12:51
U412,P017,add_to_cart,2026-04-19 04:27:18
U412,P080,view,2026-04-14 16:43:30
U412,P030,add_to_cart,2026-03-31 13:48:12
U413,P060,rate,2026-04-07 15:06:53
U413,P012,purchase,2026-04-08 14:55:01
U413,P076,view,2026-04-04 17:38:20
U413,P074,view,2026-04-15 15:20:38
U413,P069,view,2026-04-06 10:56:14
U413,P050,click,2026-04-07 23:25:38
U413,P011,add_to_wishlist,2026-04-14 19:52:25
U413,P009,view,2026-04-05 13:17:16
U413,P064,add_to_cart,2026-04-09 04:24:04
U413,P077,view,2026-04-17 11:38:28
U413,P092,click,2026-04-15 21:13:35
U413,P052,view,2026-04-13 23:05:56
U413,P055,click,2026-04-06 12:13:18
U414,P052,view,2026-04-14 19:06:00
U414,P006,add_to_wishlist,2026-04-19 07:17:50
U414,P046,review,2026-04-07 10:50:12
U414,P042,click,2026-04-01 10:37:03
U414,P062,add_to_wishlist,2026-04-03 09:08:16
U414,P020,click,2026-04-01 08:34:37
U414,P045,click,2026-04-04 07:08:54
U414,P051,view,2026-04-14 14:07:09
U414,P030,view,2026-04-09 03:37:46
U414,P001,review,2026-04-02 02:52:35
U415,P009,click,2026-04-19 13:59:33
U415,P047,view,2026-04-08 10:10:18
U415,P033,view,2026-04-06 16:48:18
U415,P006,purchase,2026-04-18 23:38:54
U415,P005,click,2026-04-13 18:27:57
U415,P007,view,2026-04-06 05:20:13
U415,P049,add_to_wishlist,2026-04-04 22:22:00
U415,P011,view,2026-04-15 21:45:10
U415,P079,add_to_cart,2026-04-04 13:28:08
U415,P038,view,2026-04-04 10:58:28
U415,P002,view,2026-04-09 01:44:15
U415,P022,view,2026-04-02 19:56:36
U415,P003,rate,2026-04-04 10:14:57
U415,P009,view,2026-03-31 07:45:58
U415,P085,view,2026-04-03 09:07:26
U416,P063,click,2026-04-07 06:57:56
U416,P029,review,2026-03-31 04:22:15
U416,P009,add_to_wishlist,2026-04-12 01:51:52
U416,P089,view,2026-04-11 09:38:49
U416,P056,add_to_cart,2026-04-18 05:54:25
U416,P012,view,2026-03-31 02:27:08
U416,P073,add_to_cart,2026-04-11 16:12:50
U416,P044,add_to_cart,2026-04-11 10:48:40
U416,P064,click,2026-04-16 08:28:14
U416,P043,click,2026-04-01 05:10:26
U416,P044,add_to_cart,2026-04-18 13:28:37
U416,P024,view,2026-04-04 02:12:09
U416,P001,view,2026-04-09 11:08:22
U416,P084,add_to_wishlist,2026-04-14 14:28:06
U416,P069,add_to_cart,2026-04-19 16:43:14
U417,P003,view,2026-04-14 12:15:13
U417,P088,view,2026-04-14 20:19:07
U417,P079,click,2026-04-04 04:38:28
U417,P073,click,2026-03-31 06:21:45
U417,P044,click,2026-04-14 23:01:59
U417,P084,click,2026-04-15 01:44:48
U417,P081,add_to_wishlist,2026-04-06 19:01:28
U417,P025,click,2026-04-10 18:47:01
U417,P022,add_to_cart,2026-04-04 06:35:47
U417,P063,rate,2026-04-04 22:36:09
U417,P063,view,2026-04-05 03:19:56
U417,P043,view,2026-04-10 18:13:49
U417,P031,add_to_cart,2026-04-11 11:27:09
U417,P011,click,2026-04-02 06:34:39
U417,P082,view,2026-04-16 19:34:31
U418,P055,view,2026-04-16 17:27:00
U418,P027,view,2026-04-12 06:34:21
U418,P068,view,2026-04-16 10:15:25
U418,P061,add_to_cart,2026-04-01 12:57:37
U418,P022,purchase,2026-04-01 18:42:59
U418,P061,click,2026-04-15 19:38:28
U418,P032,click,2026-04-18 12:33:19
U418,P053,rate,2026-04-17 08:50:54
U418,P059,click,2026-04-10 17:59:42
U418,P035,add_to_wishlist,2026-04-02 03:56:14
U418,P039,purchase,2026-04-16 11:09:39
U418,P093,view,2026-04-02 00:51:48
U418,P016,view,2026-04-18 08:36:51
U418,P029,add_to_cart,2026-04-12 08:38:29
U418,P019,view,2026-04-15 23:27:37
U419,P009,review,2026-04-14 15:40:37
U419,P068,view,2026-04-01 07:25:19
U419,P059,click,2026-04-09 05:27:37
U419,P011,click,2026-04-15 02:52:04
U419,P043,click,2026-04-15 22:20:01
U419,P073,view,2026-04-07 10:28:11
U419,P007,click,2026-04-01 06:47:19
U419,P033,click,2026-04-19 19:36:21
U419,P053,view,2026-04-07 04:08:40
U419,P080,view,2026-04-04 06:06:56
U419,P062,click,2026-03-31 04:13:52
U419,P026,view,2026-04-17 12:10:19
U419,P007,click,2026-04-04 18:12:07
U419,P072,add_to_cart,2026-04-18 10:25:35
U420,P003,add_to_wishlist,2026-04-02 23:47:25
U420,P003,view,2026-04-03 09:26:25
U420,P082,view,2026-04-02 01:09:26
U420,P095,add_to_wishlist,2026-04-01 20:23:22
U420,P083,add_to_cart,2026-04-08 00:11:09
U420,P088,click,2026-04-09 22:57:30
U420,P071,add_to_wishlist,2026-04-10 13:52:55
U420,P097,click,2026-04-15 04:16:20
U420,P002,view,2026-03-31 07:04:01
U420,P025,view,2026-04-16 08:23:42
U420,P004,purchase,2026-04-01 00:55:58
U420,P084,add_to_cart,2026-04-16 05:19:56
U420,P082,click,2026-04-03 04:54:13
U420,P016,add_to_cart,2026-04-12 22:57:38
U421,P001,rate,2026-04-19 11:55:54
U421,P001,click,2026-04-16 01:29:55
U421,P075,click,2026-04-14 19:40:02
U421,P001,add_to_wishlist,2026-04-19 10:14:15
U421,P095,view,2026-04-09 09:27:50
U421,P034,add_to_cart,2026-04-14 05:45:45
U421,P040,add_to_cart,2026-04-13 10:38:13
U421,P021,view,2026-04-17 08:59:48
U422,P043,view,2026-04-14 14:32:27
U422,P089,view,2026-04-12 09:45:45
U422,P065,click,2026-04-09 06:30:42
U422,P045,click,2026-04-10 19:23:54
U422,P097,view,2026-04-08 16:14:53
U422,P018,review,2026-04-13 04:52:35
U422,P088,click,2026-04-13 13:04:21
U422,P036,click,2026-04-10 02:53:43
U422,P023,click,2026-04-03 18:53:00
U422,P051,click,2026-04-13 21:39:25
U422,P057,view,2026-04-10 10:37:26
U422,P065,rate,2026-04-02 03:37:40
U422,P051,view,2026-04-01 23:05:53
U422,P002,view,2026-04-19 22:47:47
U423,P028,click,2026-04-13 18:43:25
U423,P035,add_to_cart,2026-04-03 15:36:16
U423,P029,view,2026-04-08 01:24:21
U423,P019,purchase,2026-04-15 13:42:51
U423,P030,rate,2026-04-01 16:13:33
U423,P021,view,2026-04-05 22:15:40
U423,P057,view,2026-04-19 14:22:19
U423,P055,add_to_cart,2026-04-01 14:33:32
U423,P048,add_to_wishlist,2026-04-13 03:36:05
U423,P038,view,2026-04-11 01:00:24
U423,P009,view,2026-04-16 17:54:31
U423,P062,view,2026-04-02 01:09:14
U424,P083,view,2026-04-09 07:42:42
U424,P084,view,2026-03-31 17:59:33
U424,P057,add_to_wishlist,2026-04-08 18:43:41
U424,P069,add_to_cart,2026-04-05 14:46:24
U424,P059,add_to_cart,2026-04-02 08:03:11
U424,P080,add_to_wishlist,2026-04-08 10:01:04
U424,P026,review,2026-04-15 09:44:00
U424,P048,view,2026-04-14 12:08:17
U425,P090,add_to_wishlist,2026-03-31 07:29:02
U425,P089,add_to_cart,2026-04-12 07:24:33
U425,P033,view,2026-04-05 05:43:19
U425,P041,add_to_cart,2026-04-03 08:25:42
U425,P059,view,2026-04-06 00:56:54
U425,P008,click,2026-04-12 20:42:03
U425,P029,rate,2026-04-08 04:15:19
U425,P073,purchase,2026-04-12 05:53:56
U425,P042,share,2026-04-14 14:03:28
U425,P026,click,2026-04-10 05:23:22
U426,P097,click,2026-04-13 17:42:35
U426,P092,rate,2026-04-17 11:56:00
U426,P073,view,2026-04-12 04:01:10
U426,P060,view,2026-04-03 17:19:29
U426,P091,add_to_cart,2026-04-17 07:09:41
U426,P044,view,2026-04-19 06:17:06
U426,P091,view,2026-04-02 02:51:26
U426,P064,review,2026-04-12 14:39:54
U426,P036,click,2026-04-08 20:21:27
U426,P055,view,2026-04-12 18:47:17
U426,P047,view,2026-04-08 18:15:58
U426,P021,view,2026-04-12 21:28:53
U426,P030,view,2026-04-16 15:01:42
U427,P021,click,2026-04-08 14:14:53
U427,P003,view,2026-03-31 17:00:27
U427,P038,add_to_cart,2026-04-06 11:02:17
U427,P091,rate,2026-04-16 01:36:19
U427,P031,view,2026-04-14 03:17:01
U427,P042,click,2026-04-18 21:40:04
U427,P048,purchase,2026-04-14 17:49:41
U427,P017,view,2026-04-02 13:00:43
U427,P036,view,2026-04-08 03:03:34
U427,P084,review,2026-04-18 22:33:19
U427,P051,view,2026-04-14 01:23:12
U427,P036,click,2026-04-11 19:49:09
U427,P019,add_to_cart,2026-04-13 19:58:19
U427,P042,click,2026-04-17 11:56:59
U428,P022,view,2026-04-18 07:01:54
U428,P051,review,2026-04-18 09:16:53
U428,P044,add_to_wishlist,2026-04-13 15:00:14
U428,P026,view,2026-04-02 12:27:52
U428,P014,add_to_cart,2026-04-07 08:11:21
U428,P032,click,2026-04-17 20:29:25
U428,P016,view,2026-04-09 13:00:34
U428,P055,click,2026-03-31 21:55:33
U428,P037,add_to_cart,2026-04-08 12:39:05
U428,P076,click,2026-04-11 18:52:42
U428,P003,click,2026-04-19 06:37:19
U428,P051,click,2026-04-04 12:33:48
U429,P066,click,2026-04-07 14:05:53
U429,P089,add_to_cart,2026-04-11 00:54:26
U429,P020,add_to_cart,2026-04-03 17:52:22
U429,P088,view,2026-04-08 13:19:41
U429,P061,click,2026-04-14 13:02:04
U429,P028,click,2026-04-18 23:50:57
U429,P061,view,2026-04-15 10:47:31
U429,P060,click,2026-04-07 11:20:08
U429,P031,view,2026-04-15 03:37:28
U429,P092,view,2026-04-19 13:03:40
U429,P002,view,2026-04-12 14:35:42
U429,P040,purchase,2026-04-13 09:33:49
U429,P062,add_to_cart,2026-04-14 18:49:28
U430,P070,view,2026-04-13 20:01:49
U430,P036,click,2026-04-19 21:44:56
U430,P081,click,2026-04-03 22:24:00
U430,P084,add_to_wishlist,2026-04-13 01:33:09
U430,P007,add_to_cart,2026-04-15 03:00:16
U430,P012,review,2026-04-13 17:26:28
U430,P033,purchase,2026-04-07 17:59:42
U430,P098,add_to_cart,2026-04-14 06:42:57
U430,P052,add_to_wishlist,2026-04-07 08:02:22
U430,P066,view,2026-04-13 09:50:03
U430,P084,view,2026-04-09 16:30:01
U430,P065,add_to_cart,2026-04-01 01:47:01
U431,P037,view,2026-03-31 00:06:43
U431,P059,add_to_wishlist,2026-04-02 00:23:31
U431,P069,add_to_wishlist,2026-04-08 15:43:58
U431,P050,share,2026-04-06 23:57:31
U431,P079,add_to_wishlist,2026-04-14 17:30:36
U431,P027,purchase,2026-04-02 01:07:53
U431,P005,view,2026-04-04 00:14:37
U431,P044,add_to_cart,2026-04-01 03:52:30
U431,P050,click,2026-04-10 13:19:40
U431,P017,view,2026-04-08 19:57:07
U432,P072,view,2026-04-10 14:48:30
U432,P038,share,2026-04-17 03:33:54
U432,P063,view,2026-04-06 07:29:30
U432,P011,click,2026-04-12 14:45:01
U432,P017,view,2026-04-19 20:22:38
U432,P037,click,2026-04-04 12:38:57
U432,P025,view,2026-04-09 19:01:35
U432,P098,add_to_wishlist,2026-04-06 20:26:10
U432,P084,add_to_wishlist,2026-03-31 17:06:00
U432,P023,add_to_cart,2026-04-13 22:33:48
U432,P033,review,2026-04-02 10:59:54
U432,P092,click,2026-04-10 09:29:08
U432,P043,click,2026-04-13 19:02:01
U432,P014,rate,2026-04-18 23:47:01
U433,P024,click,2026-04-16 01:19:05
U433,P087,add_to_cart,2026-04-06 22:03:34
U433,P005,click,2026-04-13 12:36:21
U433,P064,click,2026-04-08 09:45:34
U433,P073,view,2026-04-19 15:17:27
U433,P027,view,2026-04-14 10:00:19
U433,P058,view,2026-04-08 15:43:29
U433,P023,click,2026-04-14 12:15:35
U433,P064,view,2026-04-18 00:16:37
U434,P095,view,2026-04-11 10:53:17
U434,P082,view,2026-04-03 19:43:05
U434,P082,click,2026-04-12 04:11:17
U434,P077,review,2026-04-18 06:03:12
U434,P056,add_to_cart,2026-04-01 17:44:43
U434,P048,view,2026-04-06 19:49:28
U434,P065,click,2026-04-03 12:42:53
U434,P026,view,2026-04-16 11:43:01
U434,P034,add_to_wishlist,2026-04-17 22:43:30
U434,P031,add_to_cart,2026-04-16 16:44:24
U435,P079,add_to_cart,2026-03-31 20:29:09
U435,P088,add_to_cart,2026-04-13 16:45:51
U435,P086,add_to_wishlist,2026-04-02 14:32:57
U435,P001,view,2026-04-13 11:08:38
U435,P033,purchase,2026-04-16 17:55:33
U435,P063,click,2026-04-06 14:41:33
U435,P073,view,2026-04-08 19:23:54
U435,P043,add_to_wishlist,2026-04-15 13:50:24
U436,P003,view,2026-04-15 02:57:40
U436,P037,view,2026-04-05 19:51:24
U436,P001,add_to_cart,2026-04-13 17:30:48
U436,P072,view,2026-04-17 18:48:38
U436,P052,view,2026-04-08 08:20:42
U436,P080,view,2026-03-31 09:59:11
U436,P073,add_to_cart,2026-04-01 16:48:41
U436,P042,view,2026-04-05 04:14:53
U436,P088,view,2026-04-03 01:09:53
U436,P067,view,2026-04-07 00:10:35
U436,P013,click,2026-04-19 11:10:16
U437,P062,view,2026-04-12 20:24:21
U437,P047,click,2026-03-31 13:47:12
U437,P005,click,2026-04-19 17:07:39
U437,P004,click,2026-04-10 13:27:53
U437,P070,view,2026-04-14 07:09:36
U437,P044,view,2026-04-15 11:41:16
U437,P096,click,2026-04-19 01:59:19
U437,P032,click,2026-04-14 09:41:17
U437,P080,view,2026-04-12 08:25:37
U437,P096,add_to_cart,2026-04-06 12:03:26
U437,P083,purchase,2026-04-16 18:45:28
U437,P039,click,2026-04-02 01:06:48
U438,P074,view,2026-04-09 22:06:42
U438,P093,click,2026-04-18 13:38:17
U438,P092,view,2026-04-19 10:52:49
U438,P079,view,2026-04-07 12:07:27
U438,P001,view,2026-04-01 22:59:55
U438,P048,view,2026-04-05 08:21:08
U438,P036,view,2026-04-13 00:15:40
U438,P005,view,2026-04-13 19:46:34
U438,P042,view,2026-04-06 08:13:30
U438,P004,click,2026-04-06 03:29:54
U438,P008,click,2026-04-03 12:19:45
U439,P071,add_to_cart,2026-04-15 16:54:42
U439,P081,click,2026-04-01 21:44:17
U439,P041,view,2026-04-13 03:30:45
U439,P062,view,2026-04-18 11:59:24
U439,P062,add_to_cart,2026-04-18 22:29:37
U439,P030,view,2026-04-18 16:31:20
U439,P046,view,2026-04-13 01:09:42
U439,P003,view,2026-04-03 10:37:10
U440,P021,click,2026-04-07 03:13:35
U440,P052,view,2026-04-05 02:50:43
U440,P057,rate,2026-04-01 14:30:11
U440,P042,view,2026-04-14 06:22:45
U440,P042,view,2026-04-05 13:39:38
U440,P043,view,2026-04-11 15:57:16
U440,P088,view,2026-04-08 20:00:41
U440,P006,add_to_wishlist,2026-04-10 20:31:19
U441,P092,click,2026-03-31 09:03:50
U441,P027,review,2026-04-06 08:19:29
U441,P076,review,2026-04-02 22:26:03
U441,P085,view,2026-04-03 07:20:16
U441,P040,view,2026-04-02 09:10:01
U441,P052,click,2026-04-12 13:24:26
U441,P072,purchase,2026-04-12 03:52:57
U441,P028,click,2026-04-07 19:10:48
U441,P030,view,2026-04-14 04:19:38
U441,P078,add_to_cart,2026-04-16 12:47:48
U441,P032,view,2026-04-05 16:30:04
U442,P100,view,2026-04-01 01:22:37
U442,P028,share,2026-04-16 06:08:08
U442,P035,view,2026-04-13 21:46:05
U442,P089,view,2026-04-12 10:59:30
U442,P035,view,2026-04-03 07:32:39
U442,P001,click,2026-04-01 12:08:35
U442,P100,view,2026-04-07 04:35:26
U442,P093,view,2026-04-02 16:25:47
U442,P008,add_to_wishlist,2026-04-17 04:17:01
U442,P086,view,2026-04-06 17:16:37
U442,P084,click,2026-04-10 01:09:00
U442,P094,click,2026-04-08 03:43:26
U442,P016,click,2026-04-06 22:09:16
U442,P023,purchase,2026-04-09 16:26:21
U442,P070,view,2026-03-31 19:09:01
U443,P071,click,2026-04-17 03:31:46
U443,P055,click,2026-04-04 23:02:15
U443,P005,rate,2026-04-15 23:51:03
U443,P027,add_to_wishlist,2026-04-18 14:11:02
U443,P045,add_to_cart,2026-03-31 01:43:39
U443,P081,add_to_cart,2026-04-12 15:02:11
U443,P062,add_to_cart,2026-04-08 07:37:50
U443,P069,view,2026-04-07 17:36:45
U443,P029,view,2026-04-14 06:49:17
U443,P091,add_to_cart,2026-04-14 08:25:39
U443,P022,click,2026-04-18 18:09:15
U444,P072,purchase,2026-03-31 21:38:28
U444,P092,view,2026-04-08 08:47:46
U444,P097,view,2026-04-02 17:31:26
U444,P037,review,2026-04-14 04:12:44
U444,P047,view,2026-04-11 21:42:52
U444,P078,review,2026-04-05 06:06:32
U444,P093,view,2026-04-19 23:23:41
U444,P081,purchase,2026-03-31 16:23:16
U444,P014,view,2026-04-18 18:05:09
U445,P019,click,2026-04-04 11:14:57
U445,P052,review,2026-04-05 18:52:39
U445,P009,rate,2026-04-12 16:12:41
U445,P083,view,2026-04-12 20:41:58
U445,P086,click,2026-04-07 16:29:44
U445,P050,add_to_cart,2026-04-18 16:11:09
U445,P063,rate,2026-04-14 22:39:40
U445,P055,add_to_wishlist,2026-04-11 22:58:26
U445,P098,view,2026-04-08 14:16:40
U446,P090,view,2026-04-11 12:06:04
U446,P026,add_to_cart,2026-04-13 00:35:38
U446,P035,view,2026-04-10 20:12:48
U446,P027,view,2026-04-03 11:30:35
U446,P006,view,2026-04-16 07:02:37
U446,P066,review,2026-04-18 15:42:20
U446,P047,purchase,2026-03-31 08:22:55
U446,P069,add_to_wishlist,2026-04-07 17:26:23
U446,P003,add_to_wishlist,2026-04-02 17:12:19
U447,P098,click,2026-04-12 23:57:37
U447,P010,add_to_cart,2026-04-05 10:54:49
U447,P026,view,2026-04-13 18:10:51
U447,P022,view,2026-04-09 17:10:52
U447,P016,click,2026-04-14 00:50:49
U447,P030,view,2026-04-01 04:36:14
U447,P023,view,2026-04-12 09:14:27
U447,P030,rate,2026-04-03 15:17:02
U447,P039,click,2026-04-12 04:21:07
U447,P080,rate,2026-04-05 00:19:06
U447,P093,view,2026-04-07 20:48:45
U447,P070,add_to_wishlist,2026-04-14 22:58:29
U447,P027,add_to_cart,2026-04-08 22:50:01
U448,P047,view,2026-04-13 22:42:04
U448,P016,add_to_wishlist,2026-04-07 04:26:47
U448,P014,add_to_cart,2026-04-04 02:14:45
U448,P003,click,2026-04-18 10:01:05
U448,P093,view,2026-04-16 20:53:57
U448,P031,view,2026-04-06 11:45:00
U448,P029,click,2026-04-15 18:56:59
U448,P066,view,2026-03-31 06:13:54
U448,P064,view,2026-04-08 14:52:04
U449,P010,add_to_cart,2026-04-07 08:13:44
U449,P060,add_to_cart,2026-04-16 17:01:35
U449,P036,click,2026-04-05 19:21:53
U449,P009,view,2026-04-04 22:26:19
U449,P060,add_to_wishlist,2026-04-04 08:28:27
U449,P012,click,2026-04-09 14:42:06
U449,P001,click,2026-04-14 17:06:29
U449,P045,rate,2026-04-06 14:06:58
U449,P090,rate,2026-04-17 23:00:08
U449,P008,rate,2026-04-12 04:59:01
U449,P038,add_to_wishlist,2026-04-05 21:53:37
U449,P078,view,2026-04-19 14:46:28
U450,P071,click,2026-04-11 20:54:30
U450,P050,purchase,2026-04-10 15:51:03
U450,P030,view,2026-04-07 15:31:20
U450,P017,click,2026-04-11 04:34:11
U450,P051,add_to_cart,2026-04-05 12:12:58
U450,P001,click,2026-04-15 08:26:47
U450,P039,add_to_wishlist,2026-04-16 14:54:43
U450,P072,add_to_wishlist,2026-04-18 18:32:58
U450,P100,add_to_wishlist,2026-04-14 09:36:51
U451,P012,view,2026-04-04 04:14:01
U451,P054,add_to_cart,2026-04-19 01:07:37
U451,P085,view,2026-04-01 01:09:10
U451,P006,share,2026-04-02 00:43:36
U451,P054,view,2026-04-08 17:07:52
U451,P016,rate,2026-04-11 22:18:44
U451,P014,view,2026-04-17 13:25:24
U451,P095,view,2026-04-10 01:28:21
U451,P039,add_to_cart,2026-03-31 06:17:19
U451,P034,click,2026-04-03 23:14:46
U451,P094,add_to_wishlist,2026-04-08 09:25:07
U451,P017,view,2026-04-07 04:00:18
U451,P064,view,2026-04-03 23:48:33
U452,P082,view,2026-04-09 18:58:09
U452,P066,review,2026-04-15 06:47:05
U452,P033,add_to_cart,2026-04-15 18:12:55
U452,P089,view,2026-04-17 13:57:40
U452,P022,view,2026-04-02 09:00:26
U452,P079,click,2026-04-16 16:46:10
U452,P017,add_to_cart,2026-04-15 19:33:09
U452,P044,add_to_cart,2026-04-19 15:44:23
U452,P049,purchase,2026-04-08 08:24:57
U453,P084,view,2026-04-03 10:40:35
U453,P046,add_to_cart,2026-04-16 12:31:19
U453,P076,click,2026-04-13 02:17:35
U453,P053,click,2026-04-15 07:20:22
U453,P032,add_to_cart,2026-04-10 06:34:22
U453,P088,add_to_cart,2026-04-06 20:08:59
U453,P018,add_to_cart,2026-04-04 11:04:18
U453,P094,view,2026-04-05 21:54:16
U453,P057,add_to_wishlist,2026-04-11 10:04:55
U453,P084,view,2026-04-11 00:19:13
U453,P089,view,2026-04-15 14:35:42
U453,P040,review,2026-04-04 02:23:45
U453,P093,purchase,2026-04-07 15:55:02
U454,P033,click,2026-04-02 22:44:04
U454,P093,purchase,2026-04-16 07:37:01
U454,P019,view,2026-03-31 22:58:40
U454,P069,view,2026-03-31 19:55:49
U454,P070,view,2026-04-08 08:24:29
U454,P022,view,2026-04-04 07:34:02
U454,P098,view,2026-04-13 20:58:42
U454,P020,rate,2026-04-10 12:38:01
U454,P073,review,2026-04-11 10:46:57
U454,P002,add_to_wishlist,2026-04-07 20:47:31
U455,P054,click,2026-04-19 06:19:24
U455,P072,add_to_wishlist,2026-04-11 01:43:53
U455,P037,view,2026-04-07 07:13:48
U455,P051,add_to_wishlist,2026-04-04 16:30:45
U455,P040,review,2026-04-10 17:49:37
U455,P081,view,2026-04-03 22:36:12
U455,P031,click,2026-04-02 03:34:45
U455,P016,share,2026-04-10 13:57:53
U455,P038,click,2026-04-09 13:44:25
U456,P025,add_to_cart,2026-04-16 13:18:41
U456,P082,add_to_wishlist,2026-04-09 18:15:30
U456,P031,view,2026-04-14 09:58:14
U456,P033,add_to_cart,2026-04-08 10:38:09
U456,P066,purchase,2026-04-04 12:29:42
U456,P034,click,2026-04-06 23:34:27
U456,P065,add_to_cart,2026-04-19 04:41:28
U456,P098,view,2026-04-07 03:46:52
U456,P092,add_to_wishlist,2026-04-10 23:24:44
U456,P051,view,2026-04-11 08:38:03
U456,P027,click,2026-04-19 09:36:02
U456,P057,add_to_cart,2026-04-18 21:19:35
U457,P099,view,2026-04-12 17:22:23
U457,P042,view,2026-04-08 19:58:42
U457,P028,click,2026-04-06 17:00:25
U457,P026,view,2026-04-19 02:24:04
U457,P098,add_to_cart,2026-04-01 10:16:14
U457,P020,view,2026-04-10 02:36:03
U457,P013,view,2026-04-02 00:13:41
U457,P073,add_to_cart,2026-03-31 18:50:33
U458,P045,add_to_wishlist,2026-04-18 20:01:31
U458,P012,click,2026-04-06 21:26:06
U458,P049,click,2026-04-10 13:27:59
U458,P036,review,2026-04-08 01:29:31
U458,P064,view,2026-04-19 08:59:11
U458,P011,click,2026-04-14 07:18:03
U458,P011,click,2026-04-12 13:07:35
U458,P081,add_to_cart,2026-04-16 01:52:23
U459,P070,click,2026-04-04 20:56:02
U459,P053,add_to_wishlist,2026-04-07 04:06:42
U459,P076,add_to_wishlist,2026-04-01 09:19:15
U459,P048,share,2026-04-04 03:56:23
U459,P086,add_to_wishlist,2026-04-11 19:45:50
U459,P029,view,2026-04-03 08:07:51
U459,P025,view,2026-04-13 22:52:05
U459,P088,share,2026-04-17 08:52:24
U459,P077,click,2026-04-09 00:23:11
U460,P080,view,2026-04-09 02:53:12
U460,P091,add_to_wishlist,2026-04-02 11:44:53
U460,P051,view,2026-04-01 23:55:33
U460,P072,click,2026-04-18 00:28:23
U460,P072,click,2026-04-02 04:30:21
U460,P086,click,2026-03-31 02:36:13
U460,P055,click,2026-04-02 22:47:33
U460,P039,click,2026-04-02 16:33:18
U460,P061,view,2026-04-08 20:49:51
U460,P083,rate,2026-04-14 01:05:59
U460,P100,view,2026-04-02 20:19:46
U461,P067,view,2026-04-05 18:55:11
U461,P025,click,2026-04-04 06:50:47
U461,P099,view,2026-04-14 20:31:57
U461,P014,click,2026-04-19 15:39:06
U461,P009,add_to_cart,2026-04-08 00:27:55
U461,P073,click,2026-04-15 07:07:55
U461,P054,add_to_cart,2026-04-19 14:08:43
U461,P096,add_to_cart,2026-04-14 22:21:03
U461,P070,click,2026-04-11 22:16:01
U462,P004,click,2026-04-15 08:21:59
U462,P057,view,2026-04-07 05:59:30
U462,P032,click,2026-03-31 15:31:25
U462,P090,review,2026-04-01 22:21:27
U462,P029,add_to_cart,2026-04-19 15:02:26
U462,P013,add_to_cart,2026-04-04 11:52:01
U462,P027,add_to_cart,2026-03-31 23:15:52
U462,P089,click,2026-04-15 15:08:33
U463,P030,add_to_cart,2026-04-07 11:03:22
U463,P058,view,2026-04-16 05:48:27
U463,P087,add_to_wishlist,2026-04-17 17:47:59
U463,P015,click,2026-04-02 03:39:59
U463,P045,view,2026-04-16 14:00:23
U463,P055,add_to_cart,2026-04-05 21:17:54
U463,P017,add_to_cart,2026-04-12 00:05:30
U463,P068,click,2026-04-15 18:17:42
U463,P043,view,2026-04-14 20:07:33
U463,P008,purchase,2026-04-11 18:45:08
U463,P009,purchase,2026-04-01 05:16:27
U463,P001,add_to_cart,2026-04-10 12:32:03
U463,P042,share,2026-04-11 00:42:02
U463,P073,add_to_wishlist,2026-04-19 02:33:28
U463,P037,purchase,2026-04-15 19:49:24
U464,P052,add_to_cart,2026-04-11 13:54:13
U464,P010,share,2026-04-04 02:00:54
U464,P042,click,2026-04-16 14:30:50
U464,P087,click,2026-04-08 19:35:32
U464,P011,view,2026-04-15 01:01:13
U464,P006,view,2026-04-01 07:55:12
U464,P044,add_to_wishlist,2026-04-17 18:22:57
U464,P097,add_to_cart,2026-04-11 22:07:01
U464,P022,click,2026-04-05 12:18:29
U465,P032,view,2026-04-06 14:55:08
U465,P081,add_to_cart,2026-04-17 00:49:22
U465,P058,add_to_cart,2026-04-10 06:50:18
U465,P088,view,2026-04-03 18:21:08
U465,P008,add_to_cart,2026-04-10 17:52:53
U465,P050,add_to_wishlist,2026-04-02 17:26:12
U465,P050,view,2026-04-03 06:09:03
U465,P061,add_to_wishlist,2026-04-14 18:27:06
U465,P075,review,2026-04-15 07:06:44
U465,P050,click,2026-04-17 23:40:23
U465,P067,review,2026-04-03 03:58:47
U465,P086,view,2026-04-19 12:43:19
U466,P075,click,2026-04-16 13:17:28
U466,P031,view,2026-04-13 17:23:28
U466,P045,add_to_wishlist,2026-04-05 03:24:46
U466,P085,click,2026-04-19 15:57:41
U466,P030,view,2026-04-01 02:44:53
U466,P075,purchase,2026-04-17 04:02:28
U466,P013,view,2026-04-05 16:44:39
U466,P017,share,2026-04-05 07:11:31
U467,P052,add_to_wishlist,2026-04-05 14:28:59
U467,P047,purchase,2026-03-31 09:21:36
U467,P013,view,2026-04-17 08:56:35
U467,P076,view,2026-04-14 21:01:58
U467,P028,click,2026-04-09 01:25:21
U467,P010,view,2026-04-14 15:54:42
U467,P052,add_to_cart,2026-04-09 07:54:07
U467,P044,add_to_wishlist,2026-03-31 23:42:03
U467,P007,add_to_wishlist,2026-04-17 10:30:48
U467,P003,add_to_cart,2026-04-17 15:06:36
U467,P027,click,2026-04-15 14:43:58
U468,P006,click,2026-04-03 02:17:37
U468,P078,click,2026-04-19 23:55:50
U468,P088,rate,2026-03-31 09:30:31
U468,P088,add_to_cart,2026-04-07 14:20:04
U468,P098,add_to_cart,2026-04-06 22:58:57
U468,P034,click,2026-04-11 16:18:13
U468,P036,add_to_wishlist,2026-04-07 12:59:04
U468,P081,click,2026-04-08 04:18:49
U468,P077,add_to_cart,2026-04-02 14:08:56
U469,P038,view,2026-04-09 04:36:34
U469,P024,add_to_cart,2026-04-16 00:58:51
U469,P081,add_to_cart,2026-03-31 18:36:47
U469,P013,view,2026-04-11 20:17:48
U469,P007,add_to_wishlist,2026-04-02 02:41:12
U469,P092,review,2026-04-13 21:19:53
U469,P089,add_to_cart,2026-04-13 02:24:36
U469,P094,view,2026-04-11 10:12:16
U469,P100,click,2026-04-10 02:41:52
U469,P039,click,2026-04-19 23:02:12
U469,P060,add_to_cart,2026-04-15 10:16:03
U469,P040,add_to_cart,2026-04-01 01:03:52
U469,P020,view,2026-04-18 20:57:35
U470,P002,add_to_cart,2026-04-17 22:15:12
U470,P037,rate,2026-04-04 03:13:39
U470,P061,click,2026-04-06 11:46:41
U470,P064,rate,2026-04-06 19:08:30
U470,P058,view,2026-04-13 18:08:25
U470,P035,view,2026-03-31 03:24:52
U470,P043,view,2026-04-17 23:13:14
U470,P065,add_to_wishlist,2026-04-14 01:55:16
U470,P051,click,2026-04-18 03:07:58
U470,P059,add_to_wishlist,2026-04-06 05:10:49
U470,P046,click,2026-04-02 04:10:44
U470,P089,share,2026-04-16 07:12:54
U470,P037,view,2026-04-19 06:10:16
U470,P052,add_to_wishlist,2026-04-18 10:31:27
U470,P072,click,2026-03-31 05:42:03
U471,P057,view,2026-04-06 10:59:50
U471,P010,click,2026-04-19 00:55:49
U471,P070,add_to_cart,2026-03-31 16:28:23
U471,P097,review,2026-04-04 23:31:24
U471,P007,view,2026-04-06 20:31:15
U471,P041,add_to_cart,2026-04-01 02:53:04
U471,P003,click,2026-04-04 06:42:42
U471,P067,share,2026-04-09 07:38:58
U471,P004,view,2026-04-05 11:47:30
U471,P070,view,2026-03-31 16:37:11
U471,P030,rate,2026-04-16 02:53:53
U471,P014,review,2026-04-07 10:10:10
U471,P012,purchase,2026-04-05 21:28:53
U472,P022,add_to_cart,2026-04-18 17:57:03
U472,P084,view,2026-04-12 17:52:07
U472,P006,view,2026-04-17 15:11:05
U472,P067,add_to_wishlist,2026-04-12 02:40:48
U472,P025,add_to_cart,2026-04-16 04:11:20
U472,P061,review,2026-04-14 07:19:04
U472,P087,click,2026-04-18 12:16:03
U472,P096,add_to_cart,2026-03-31 06:34:44
U472,P096,view,2026-04-04 20:52:59
U473,P024,view,2026-04-12 05:52:50
U473,P040,click,2026-04-15 14:26:29
U473,P070,add_to_wishlist,2026-04-13 17:44:06
U473,P089,click,2026-04-14 12:38:16
U473,P004,review,2026-04-10 05:01:28
U473,P051,add_to_wishlist,2026-04-06 16:50:47
U473,P064,view,2026-04-10 05:07:50
U473,P007,view,2026-04-14 09:01:18
U473,P057,click,2026-04-08 12:53:17
U473,P070,purchase,2026-04-02 17:27:18
U473,P022,view,2026-04-13 20:16:50
U473,P052,view,2026-04-08 22:33:40
U473,P056,view,2026-04-04 11:09:04
U473,P100,click,2026-04-09 01:37:47
U474,P092,add_to_cart,2026-04-01 07:44:25
U474,P029,add_to_cart,2026-04-07 12:13:54
U474,P089,rate,2026-04-07 16:21:58
U474,P066,click,2026-04-16 13:35:14
U474,P093,click,2026-04-18 23:30:38
U474,P082,view,2026-04-19 01:57:44
U474,P037,view,2026-04-18 05:28:14
U474,P066,click,2026-04-02 14:10:28
U474,P034,add_to_cart,2026-04-08 21:48:39
U474,P068,view,2026-04-12 04:06:25
U474,P025,add_to_wishlist,2026-04-16 19:09:52
U474,P061,click,2026-04-18 15:35:20
U474,P018,add_to_cart,2026-04-10 17:42:46
U475,P068,click,2026-03-31 15:05:19
U475,P099,view,2026-04-19 21:16:04
U475,P057,view,2026-04-17 19:22:14
U475,P012,click,2026-04-04 07:39:15
U475,P057,add_to_cart,2026-04-13 09:10:43
U475,P005,review,2026-04-03 08:01:14
U475,P039,click,2026-04-17 02:14:00
U475,P039,click,2026-04-07 17:03:55
U475,P090,click,2026-04-09 00:53:04
U475,P057,click,2026-04-12 10:33:13
U475,P062,click,2026-04-13 13:33:42
U475,P031,share,2026-04-14 01:37:24
U475,P097,add_to_wishlist,2026-04-17 20:48:27
U475,P026,add_to_cart,2026-04-07 05:06:43
U475,P087,add_to_wishlist,2026-04-14 01:31:25
U476,P073,view,2026-04-02 04:34:03
U476,P099,add_to_cart,2026-04-02 02:54:21
U476,P069,view,2026-04-14 16:55:47
U476,P069,add_to_cart,2026-04-01 18:41:24
U476,P083,view,2026-04-12 07:08:34
U476,P046,view,2026-04-12 07:32:02
U476,P045,click,2026-04-01 22:18:53
U476,P005,add_to_wishlist,2026-04-01 02:09:20
U476,P058,click,2026-04-14 16:23:11
U477,P033,add_to_wishlist,2026-04-13 08:49:38
U477,P099,view,2026-04-11 02:36:25
U477,P064,view,2026-04-09 17:15:05
U477,P098,click,2026-04-05 19:36:56
U477,P040,view,2026-04-13 09:26:30
U477,P059,add_to_wishlist,2026-04-06 01:50:32
U477,P053,purchase,2026-04-02 23:25:21
U477,P002,click,2026-04-17 17:01:49
U477,P073,view,2026-04-11 08:23:00
U477,P010,add_to_wishlist,2026-04-15 06:07:35
U478,P005,view,2026-04-02 22:04:54
U478,P061,click,2026-04-12 12:42:05
U478,P036,click,2026-04-12 23:52:35
U478,P074,click,2026-04-11 19:03:06
U478,P056,click,2026-04-15 00:19:28
U478,P071,click,2026-04-01 08:27:37
U478,P037,purchase,2026-04-10 16:54:05
U478,P026,view,2026-04-02 11:25:52
U478,P070,purchase,2026-04-12 07:11:59
U479,P060,click,2026-04-13 14:52:54
U479,P089,click,2026-04-03 02:31:30
U479,P059,add_to_wishlist,2026-04-11 23:02:44
U479,P081,view,2026-04-18 10:20:30
U479,P005,add_to_cart,2026-04-09 09:41:16
U479,P037,click,2026-04-04 23:37:56
U479,P040,add_to_cart,2026-04-03 04:18:50
U479,P024,click,2026-04-17 04:26:42
U479,P028,rate,2026-04-13 06:16:17
U479,P015,add_to_cart,2026-04-02 03:50:34
U479,P025,click,2026-04-14 22:25:10
U479,P006,add_to_cart,2026-04-19 16:02:37
U480,P079,view,2026-04-13 06:03:02
U480,P045,review,2026-04-05 03:13:22
U480,P038,add_to_cart,2026-04-06 00:53:57
U480,P095,view,2026-04-04 07:45:59
U480,P013,view,2026-04-16 15:21:27
U480,P090,purchase,2026-04-02 16:08:32
U480,P092,view,2026-04-05 13:55:52
U480,P048,purchase,2026-04-15 21:15:12
U481,P030,add_to_cart,2026-04-12 07:17:08
U481,P054,share,2026-04-15 22:29:22
U481,P042,add_to_wishlist,2026-04-17 00:49:12
U481,P003,add_to_wishlist,2026-04-04 12:26:03
U481,P085,add_to_cart,2026-04-10 14:11:56
U481,P016,view,2026-04-08 10:00:18
U481,P031,click,2026-04-11 23:31:19
U481,P073,view,2026-04-15 01:28:00
U481,P062,click,2026-04-05 06:06:19
U481,P070,click,2026-04-04 12:14:15
U481,P076,purchase,2026-04-08 00:22:24
U481,P006,view,2026-04-03 02:18:59
U481,P044,review,2026-04-13 22:24:14
U481,P085,click,2026-04-15 03:01:22
U482,P068,view,2026-04-15 07:48:12
U482,P009,view,2026-04-10 12:01:52
U482,P036,view,2026-04-13 01:52:10
U482,P090,add_to_wishlist,2026-04-14 13:20:23
U482,P068,view,2026-04-01 22:54:36
U482,P022,view,2026-04-19 04:24:54
U482,P067,click,2026-04-19 08:54:33
U482,P065,add_to_cart,2026-04-02 18:26:16
U482,P092,view,2026-04-03 21:02:12
U482,P099,add_to_cart,2026-04-12 16:40:45
U482,P017,click,2026-04-02 02:07:44
U482,P053,add_to_cart,2026-04-10 15:53:31
U483,P062,view,2026-04-11 17:27:54
U483,P036,view,2026-04-06 00:17:26
U483,P014,add_to_wishlist,2026-04-16 22:00:00
U483,P057,view,2026-04-17 16:20:27
U483,P091,view,2026-04-15 20:34:48
U483,P082,view,2026-04-06 15:00:42
U483,P002,add_to_cart,2026-04-03 16:24:06
U483,P047,click,2026-04-13 01:22:54
U483,P091,view,2026-03-31 01:51:59
U483,P035,view,2026-04-02 00:53:44
U483,P060,click,2026-04-15 11:36:56
U483,P066,add_to_cart,2026-04-15 14:19:29
U483,P039,review,2026-04-09 20:26:36
U483,P069,purchase,2026-04-14 15:20:22
U484,P052,add_to_wishlist,2026-04-01 02:16:18
U484,P099,view,2026-04-01 18:56:41
U484,P002,view,2026-04-07 15:28:40
U484,P012,view,2026-04-07 07:55:50
U484,P032,view,2026-04-09 16:37:14
U484,P070,click,2026-04-13 09:39:53
U484,P023,view,2026-04-11 19:10:25
U484,P088,review,2026-04-09 06:07:02
U484,P075,click,2026-04-03 07:55:41
U485,P029,view,2026-04-06 16:12:44
U485,P018,click,2026-04-16 06:11:23
U485,P069,add_to_cart,2026-04-17 05:25:58
U485,P008,view,2026-04-04 07:57:00
U485,P034,add_to_cart,2026-04-18 14:28:31
U485,P026,add_to_cart,2026-04-05 06:15:48
U485,P079,purchase,2026-04-19 17:54:07
U485,P035,click,2026-04-07 01:16:25
U485,P084,add_to_cart,2026-04-19 04:30:41
U485,P078,add_to_wishlist,2026-03-31 11:06:59
U485,P038,add_to_wishlist,2026-04-02 00:25:18
U485,P009,add_to_wishlist,2026-04-03 19:21:33
U486,P093,view,2026-03-31 03:14:42
U486,P021,view,2026-04-02 16:06:49
U486,P066,click,2026-04-05 07:54:32
U486,P090,share,2026-04-04 23:37:48
U486,P092,add_to_cart,2026-04-16 14:03:41
U486,P051,add_to_wishlist,2026-04-07 03:30:42
U486,P048,purchase,2026-04-13 23:03:02
U486,P048,view,2026-04-19 21:33:29
U486,P061,click,2026-04-12 05:37:42
U486,P065,view,2026-04-07 21:27:41
U486,P058,click,2026-04-19 22:09:54
U487,P063,click,2026-04-19 20:55:27
U487,P018,view,2026-04-19 02:34:55
U487,P064,add_to_cart,2026-04-18 04:52:59
U487,P023,purchase,2026-04-09 09:26:32
U487,P046,add_to_wishlist,2026-04-09 14:09:04
U487,P079,click,2026-04-11 20:41:13
U487,P050,click,2026-04-12 05:58:54
U487,P084,rate,2026-04-08 15:11:23
U487,P083,click,2026-04-10 14:49:32
U487,P016,purchase,2026-04-10 14:16:50
U487,P043,click,2026-04-13 08:22:38
U487,P059,view,2026-03-31 04:21:29
U488,P033,view,2026-04-08 23:52:43
U488,P054,view,2026-04-09 00:45:08
U488,P008,click,2026-04-16 18:14:30
U488,P017,view,2026-04-18 11:31:07
U488,P010,add_to_cart,2026-04-12 22:33:44
U488,P054,add_to_cart,2026-04-15 18:19:31
U488,P090,add_to_wishlist,2026-03-31 04:25:52
U488,P096,click,2026-04-01 01:35:28
U489,P066,click,2026-04-15 23:37:13
U489,P005,add_to_wishlist,2026-04-18 08:46:10
U489,P004,rate,2026-04-16 08:19:58
U489,P032,view,2026-04-15 23:46:21
U489,P079,view,2026-04-01 03:11:21
U489,P089,click,2026-04-07 03:12:52
U489,P075,view,2026-04-15 17:49:50
U489,P054,view,2026-04-02 05:55:09
U489,P002,add_to_wishlist,2026-04-09 10:37:39
U489,P022,view,2026-04-18 10:27:29
U489,P010,click,2026-04-09 14:23:59
U490,P065,purchase,2026-04-15 07:05:06
U490,P072,view,2026-04-12 08:53:40
U490,P054,rate,2026-04-18 21:00:48
U490,P095,view,2026-04-03 19:53:25
U490,P025,add_to_cart,2026-04-07 10:55:23
U490,P012,view,2026-03-31 20:06:58
U490,P090,click,2026-04-18 20:52:34
U490,P025,add_to_cart,2026-03-31 10:30:21
U490,P060,click,2026-04-14 15:07:20
U490,P019,view,2026-04-12 03:24:18
U491,P098,view,2026-04-01 17:34:09
U491,P072,view,2026-04-15 08:14:20
U491,P013,add_to_cart,2026-04-08 11:16:42
U491,P055,add_to_wishlist,2026-04-13 01:25:31
U491,P027,add_to_wishlist,2026-04-02 15:07:22
U491,P058,view,2026-04-16 04:49:22
U491,P007,click,2026-04-11 22:29:17
U491,P039,view,2026-04-11 14:50:37
U491,P046,review,2026-03-31 05:39:58
U491,P029,view,2026-04-14 22:41:05
U491,P050,view,2026-04-06 22:09:02
U491,P081,add_to_cart,2026-04-18 19:55:01
U491,P029,view,2026-04-19 10:37:03
U492,P082,click,2026-04-06 16:35:43
U492,P071,add_to_cart,2026-04-02 22:08:38
U492,P038,purchase,2026-04-14 06:11:48
U492,P018,view,2026-04-01 14:27:53
U492,P020,add_to_wishlist,2026-04-12 16:02:02
U492,P093,click,2026-04-19 08:39:08
U492,P098,view,2026-04-02 13:47:19
U492,P001,add_to_wishlist,2026-04-17 09:29:37
U492,P018,add_to_cart,2026-04-07 06:48:03
U492,P023,view,2026-04-17 11:30:38
U493,P059,purchase,2026-04-13 21:34:29
U493,P013,add_to_wishlist,2026-04-16 09:00:35
U493,P020,view,2026-04-09 07:36:23
U493,P052,rate,2026-04-14 20:07:18
U493,P033,add_to_cart,2026-04-08 02:05:50
U493,P003,add_to_cart,2026-04-18 12:35:57
U493,P053,view,2026-04-02 15:49:53
U493,P083,view,2026-04-19 13:54:38
U493,P084,add_to_cart,2026-04-05 19:19:38
U493,P041,add_to_cart,2026-04-18 20:29:00
U493,P053,view,2026-04-10 17:22:43
U493,P098,rate,2026-04-17 13:21:44
U494,P075,click,2026-04-08 19:39:47
U494,P049,rate,2026-04-17 03:06:57
U494,P080,click,2026-04-16 15:40:40
U494,P060,view,2026-03-31 22:24:25
U494,P051,view,2026-04-12 01:32:21
U494,P029,add_to_wishlist,2026-04-03 21:11:17
U494,P027,click,2026-04-19 15:25:56
U494,P092,review,2026-04-17 20:49:06
U494,P054,click,2026-04-07 08:55:12
U494,P035,view,2026-04-07 04:11:03
U495,P090,click,2026-04-18 23:55:40
U495,P077,click,2026-04-17 08:22:42
U495,P100,view,2026-03-31 05:03:31
U495,P015,view,2026-03-31 23:32:47
U495,P026,rate,2026-04-13 11:50:16
U495,P089,click,2026-04-12 16:57:45
U495,P064,add_to_wishlist,2026-04-16 15:00:48
U495,P015,view,2026-04-14 10:32:46
U495,P098,click,2026-04-17 14:24:52
U495,P012,view,2026-04-14 07:07:38
U495,P044,click,2026-04-04 04:54:06
U495,P089,add_to_wishlist,2026-04-07 17:15:47
U496,P017,click,2026-04-07 17:06:51
U496,P079,view,2026-04-01 06:38:01
U496,P072,click,2026-04-01 15:21:53
U496,P091,add_to_cart,2026-04-09 20:46:44
U496,P082,view,2026-04-15 20:49:58
U496,P020,view,2026-04-19 04:10:31
U496,P078,view,2026-04-12 10:19:37
U496,P054,click,2026-04-17 02:16:46
U497,P071,click,2026-04-04 23:37:04
U497,P022,view,2026-04-07 16:11:28
U497,P038,add_to_wishlist,2026-04-03 08:39:13
U497,P005,view,2026-03-31 05:56:39
U497,P090,add_to_wishlist,2026-04-17 15:53:18
U497,P095,click,2026-04-07 05:22:41
U497,P017,add_to_wishlist,2026-04-11 02:53:55
U497,P048,purchase,2026-04-11 08:02:29
U497,P044,click,2026-04-12 07:13:37
U497,P097,add_to_cart,2026-04-02 21:35:36
U497,P055,purchase,2026-04-05 04:49:24
U498,P053,view,2026-03-31 18:34:43
U498,P076,add_to_cart,2026-04-04 20:08:14
U498,P022,click,2026-04-18 06:30:00
U498,P076,add_to_cart,2026-04-03 12:12:37
U498,P005,view,2026-04-06 04:01:20
U498,P015,click,2026-04-05 04:07:56
U498,P058,add_to_cart,2026-04-06 12:07:24
U498,P027,view,2026-04-04 16:35:19
U498,P032,add_to_cart,2026-04-11 22:19:01
U498,P075,view,2026-03-31 11:09:20
U498,P025,add_to_cart,2026-04-15 00:49:08
U498,P026,add_to_cart,2026-04-05 04:31:45
U498,P005,view,2026-04-08 09:01:05
U499,P040,view,2026-04-04 20:54:05
U499,P022,view,2026-04-02 00:02:40
U499,P029,add_to_cart,2026-04-13 22:20:44
U499,P031,view,2026-04-13 21:48:48
U499,P099,click,2026-04-05 20:00:19
U499,P004,click,2026-04-14 16:14:13
U499,P086,click,2026-04-09 17:39:01
U499,P084,rate,2026-04-08 23:48:04
U499,P070,rate,2026-04-19 00:14:29
U499,P019,click,2026-04-01 03:55:02
U499,P069,purchase,2026-04-01 00:53:20
U499,P011,view,2026-03-31 02:56:02
U499,P066,review,2026-04-16 19:30:46
U500,P022,view,2026-04-16 01:50:31
U500,P003,add_to_cart,2026-04-11 11:10:51
U500,P062,add_to_wishlist,2026-04-09 01:40:03
U500,P100,add_to_cart,2026-04-12 09:56:14
U500,P090,click,2026-04-01 03:50:05
U500,P029,view,2026-04-04 17:29:57
U500,P021,purchase,2026-04-06 01:46:11
U500,P072,view,2026-04-16 18:18:06
U500,P064,view,2026-04-02 05:33:14
U500,P085,add_to_cart,2026-04-19 12:22:55
